results/channelTag,results/languageCode,results/resultEndTime,results/alternatives/0/confidence,results/alternatives/0/transcript,results/alternatives/0/words/0/confidence,results/alternatives/0/words/0/endTime,results/alternatives/0/words/0/startTime,results/alternatives/0/words/0/word,results/alternatives/0/words/1/confidence,results/alternatives/0/words/1/endTime,results/alternatives/0/words/1/startTime,results/alternatives/0/words/1/word,results/alternatives/0/words/2/confidence,results/alternatives/0/words/2/endTime,results/alternatives/0/words/2/startTime,results/alternatives/0/words/2/word,results/alternatives/0/words/3/confidence,results/alternatives/0/words/3/endTime,results/alternatives/0/words/3/startTime,results/alternatives/0/words/3/word,results/alternatives/0/words/4/confidence,results/alternatives/0/words/4/endTime,results/alternatives/0/words/4/startTime,results/alternatives/0/words/4/word,results/alternatives/0/words/5/confidence,results/alternatives/0/words/5/endTime,results/alternatives/0/words/5/startTime,results/alternatives/0/words/5/word,results/alternatives/0/words/6/confidence,results/alternatives/0/words/6/endTime,results/alternatives/0/words/6/startTime,results/alternatives/0/words/6/word,results/alternatives/0/words/7/confidence,results/alternatives/0/words/7/endTime,results/alternatives/0/words/7/startTime,results/alternatives/0/words/7/word,results/alternatives/0/words/8/confidence,results/alternatives/0/words/8/endTime,results/alternatives/0/words/8/startTime,results/alternatives/0/words/8/word,results/alternatives/0/words/9/confidence,results/alternatives/0/words/9/endTime,results/alternatives/0/words/9/startTime,results/alternatives/0/words/9/word,results/alternatives/0/words/10/confidence,results/alternatives/0/words/10/endTime,results/alternatives/0/words/10/startTime,results/alternatives/0/words/10/word,results/alternatives/0/words/11/confidence,results/alternatives/0/words/11/endTime,results/alternatives/0/words/11/startTime,results/alternatives/0/words/11/word,results/alternatives/0/words/12/confidence,results/alternatives/0/words/12/endTime,results/alternatives/0/words/12/startTime,results/alternatives/0/words/12/word,results/alternatives/0/words/13/confidence,results/alternatives/0/words/13/endTime,results/alternatives/0/words/13/startTime,results/alternatives/0/words/13/word,results/alternatives/0/words/14/confidence,results/alternatives/0/words/14/endTime,results/alternatives/0/words/14/startTime,results/alternatives/0/words/14/word,results/alternatives/0/words/15/confidence,results/alternatives/0/words/15/endTime,results/alternatives/0/words/15/startTime,results/alternatives/0/words/15/word,results/alternatives/0/words/16/confidence,results/alternatives/0/words/16/endTime,results/alternatives/0/words/16/startTime,results/alternatives/0/words/16/word,results/alternatives/0/words/17/confidence,results/alternatives/0/words/17/endTime,results/alternatives/0/words/17/startTime,results/alternatives/0/words/17/word,results/alternatives/0/words/18/confidence,results/alternatives/0/words/18/endTime,results/alternatives/0/words/18/startTime,results/alternatives/0/words/18/word,results/alternatives/0/words/19/confidence,results/alternatives/0/words/19/endTime,results/alternatives/0/words/19/startTime,results/alternatives/0/words/19/word,results/alternatives/0/words/20/confidence,results/alternatives/0/words/20/endTime,results/alternatives/0/words/20/startTime,results/alternatives/0/words/20/word,results/alternatives/0/words/21/confidence,results/alternatives/0/words/21/endTime,results/alternatives/0/words/21/startTime,results/alternatives/0/words/21/word,results/alternatives/0/words/22/confidence,results/alternatives/0/words/22/endTime,results/alternatives/0/words/22/startTime,results/alternatives/0/words/22/word,results/alternatives/0/words/23/confidence,results/alternatives/0/words/23/endTime,results/alternatives/0/words/23/startTime,results/alternatives/0/words/23/word,results/alternatives/0/words/24/confidence,results/alternatives/0/words/24/endTime,results/alternatives/0/words/24/startTime,results/alternatives/0/words/24/word,results/alternatives/0/words/25/confidence,results/alternatives/0/words/25/endTime,results/alternatives/0/words/25/startTime,results/alternatives/0/words/25/word,results/alternatives/0/words/26/confidence,results/alternatives/0/words/26/endTime,results/alternatives/0/words/26/startTime,results/alternatives/0/words/26/word,results/alternatives/0/words/27/confidence,results/alternatives/0/words/27/endTime,results/alternatives/0/words/27/startTime,results/alternatives/0/words/27/word,results/alternatives/0/words/28/confidence,results/alternatives/0/words/28/endTime,results/alternatives/0/words/28/startTime,results/alternatives/0/words/28/word,results/alternatives/0/words/29/confidence,results/alternatives/0/words/29/endTime,results/alternatives/0/words/29/startTime,results/alternatives/0/words/29/word,results/alternatives/0/words/30/confidence,results/alternatives/0/words/30/endTime,results/alternatives/0/words/30/startTime,results/alternatives/0/words/30/word,results/alternatives/0/words/31/confidence,results/alternatives/0/words/31/endTime,results/alternatives/0/words/31/startTime,results/alternatives/0/words/31/word,results/alternatives/0/words/32/confidence,results/alternatives/0/words/32/endTime,results/alternatives/0/words/32/startTime,results/alternatives/0/words/32/word,results/alternatives/0/words/33/confidence,results/alternatives/0/words/33/endTime,results/alternatives/0/words/33/startTime,results/alternatives/0/words/33/word,results/alternatives/0/words/34/confidence,results/alternatives/0/words/34/endTime,results/alternatives/0/words/34/startTime,results/alternatives/0/words/34/word,results/alternatives/0/words/35/confidence,results/alternatives/0/words/35/endTime,results/alternatives/0/words/35/startTime,results/alternatives/0/words/35/word,results/alternatives/0/words/36/confidence,results/alternatives/0/words/36/endTime,results/alternatives/0/words/36/startTime,results/alternatives/0/words/36/word,results/alternatives/0/words/37/confidence,results/alternatives/0/words/37/endTime,results/alternatives/0/words/37/startTime,results/alternatives/0/words/37/word,results/alternatives/0/words/38/confidence,results/alternatives/0/words/38/endTime,results/alternatives/0/words/38/startTime,results/alternatives/0/words/38/word,results/alternatives/0/words/39/confidence,results/alternatives/0/words/39/endTime,results/alternatives/0/words/39/startTime,results/alternatives/0/words/39/word,results/alternatives/0/words/40/confidence,results/alternatives/0/words/40/endTime,results/alternatives/0/words/40/startTime,results/alternatives/0/words/40/word,results/alternatives/0/words/41/confidence,results/alternatives/0/words/41/endTime,results/alternatives/0/words/41/startTime,results/alternatives/0/words/41/word,results/alternatives/0/words/42/confidence,results/alternatives/0/words/42/endTime,results/alternatives/0/words/42/startTime,results/alternatives/0/words/42/word,results/alternatives/0/words/43/confidence,results/alternatives/0/words/43/endTime,results/alternatives/0/words/43/startTime,results/alternatives/0/words/43/word,results/alternatives/0/words/44/confidence,results/alternatives/0/words/44/endTime,results/alternatives/0/words/44/startTime,results/alternatives/0/words/44/word,results/alternatives/0/words/45/confidence,results/alternatives/0/words/45/endTime,results/alternatives/0/words/45/startTime,results/alternatives/0/words/45/word,results/alternatives/0/words/46/confidence,results/alternatives/0/words/46/endTime,results/alternatives/0/words/46/startTime,results/alternatives/0/words/46/word,results/alternatives/0/words/47/confidence,results/alternatives/0/words/47/endTime,results/alternatives/0/words/47/startTime,results/alternatives/0/words/47/word,results/alternatives/0/words/48/confidence,results/alternatives/0/words/48/endTime,results/alternatives/0/words/48/startTime,results/alternatives/0/words/48/word,results/alternatives/0/words/49/confidence,results/alternatives/0/words/49/endTime,results/alternatives/0/words/49/startTime,results/alternatives/0/words/49/word,results/alternatives/0/words/50/confidence,results/alternatives/0/words/50/endTime,results/alternatives/0/words/50/startTime,results/alternatives/0/words/50/word,results/alternatives/0/words/51/confidence,results/alternatives/0/words/51/endTime,results/alternatives/0/words/51/startTime,results/alternatives/0/words/51/word,results/alternatives/0/words/52/confidence,results/alternatives/0/words/52/endTime,results/alternatives/0/words/52/startTime,results/alternatives/0/words/52/word,results/alternatives/0/words/53/confidence,results/alternatives/0/words/53/endTime,results/alternatives/0/words/53/startTime,results/alternatives/0/words/53/word,results/alternatives/0/words/54/confidence,results/alternatives/0/words/54/endTime,results/alternatives/0/words/54/startTime,results/alternatives/0/words/54/word,results/alternatives/0/words/55/confidence,results/alternatives/0/words/55/endTime,results/alternatives/0/words/55/startTime,results/alternatives/0/words/55/word,results/alternatives/0/words/56/confidence,results/alternatives/0/words/56/endTime,results/alternatives/0/words/56/startTime,results/alternatives/0/words/56/word,results/alternatives/0/words/57/confidence,results/alternatives/0/words/57/endTime,results/alternatives/0/words/57/startTime,results/alternatives/0/words/57/word,results/alternatives/0/words/58/confidence,results/alternatives/0/words/58/endTime,results/alternatives/0/words/58/startTime,results/alternatives/0/words/58/word
1,en-us,2.194966s,,,,,,,,,,,,,,,,,,,,,,,,,,,,,,,,,,,,,,,,,,,,,,,,,,,,,,,,,,,,,,,,,,,,,,,,,,,,,,,,,,,,,,,,,,,,,,,,,,,,,,,,,,,,,,,,,,,,,,,,,,,,,,,,,,,,,,,,,,,,,,,,,,,,,,,,,,,,,,,,,,,,,,,,,,,,,,,,,,,,,,,,,,,,,,,,,,,,,,,,,,,,,,,,,,,,,,,,,,,,,,,,,,,,,,,,,,,,,,
2,en-us,2.315238s,0.68685448,carrots,0.68685448,0.600s,0s,carrots,,,,,,,,,,,,,,,,,,,,,,,,,,,,,,,,,,,,,,,,,,,,,,,,,,,,,,,,,,,,,,,,,,,,,,,,,,,,,,,,,,,,,,,,,,,,,,,,,,,,,,,,,,,,,,,,,,,,,,,,,,,,,,,,,,,,,,,,,,,,,,,,,,,,,,,,,,,,,,,,,,,,,,,,,,,,,,,,,,,,,,,,,,,,,,,,,,,,,,,,,,,,,,,,,,,,,,,,,,,,,,,,,,,,,,,,
2,en-us,6.745260s,0.77071786, this,0.77071786,6.100s,5.700s,this,,,,,,,,,,,,,,,,,,,,,,,,,,,,,,,,,,,,,,,,,,,,,,,,,,,,,,,,,,,,,,,,,,,,,,,,,,,,,,,,,,,,,,,,,,,,,,,,,,,,,,,,,,,,,,,,,,,,,,,,,,,,,,,,,,,,,,,,,,,,,,,,,,,,,,,,,,,,,,,,,,,,,,,,,,,,,,,,,,,,,,,,,,,,,,,,,,,,,,,,,,,,,,,,,,,,,,,,,,,,,,,,,,,,,,,,
1,en-us,6.955737s,0.91283858,this,0.91283858,6.200s,5.700s,this,,,,,,,,,,,,,,,,,,,,,,,,,,,,,,,,,,,,,,,,,,,,,,,,,,,,,,,,,,,,,,,,,,,,,,,,,,,,,,,,,,,,,,,,,,,,,,,,,,,,,,,,,,,,,,,,,,,,,,,,,,,,,,,,,,,,,,,,,,,,,,,,,,,,,,,,,,,,,,,,,,,,,,,,,,,,,,,,,,,,,,,,,,,,,,,,,,,,,,,,,,,,,,,,,,,,,,,,,,,,,,,,,,,,,,,,
2,en-us,26.590159s,0.85278285, at first some people say that taking refugees can some people some Korean people say that taking if yours is paint eggs and toast from the original,0.73534071,9.400s,9.300s,at,0.87269014,10.200s,9.400s,first,0.91283858,10.800s,10.500s,some,0.75141913,11.400s,10.800s,people,0.91283858,11.700s,11.400s,say,0.76683021,12s,11.700s,that,0.81149751,12.400s,12s,taking,0.86590338,13.200s,12.400s,refugees,0.91283858,14.700s,13.800s,can,0.91283858,17.700s,17.500s,some,0.75532681,18.300s,17.700s,people,0.91283858,18.700s,18.300s,some,0.91283858,19s,18.700s,Korean,0.91283858,19.400s,19s,people,0.91283858,19.600s,19.400s,say,0.88322735,19.900s,19.600s,that,0.77181715,20.500s,19.900s,taking,0.91283858,21.100s,20.900s,if,0.91283858,21.300s,21.100s,yours,0.86368334,21.400s,21.300s,is,0.85249996,23.200s,22.600s,paint,0.76558578,23.600s,23.200s,eggs,0.91283858,23.800s,23.600s,and,0.89121675,24.200s,23.800s,toast,0.75860769,24.800s,24.200s,from,0.72542828,25.400s,25.300s,the,0.91283858,26.200s,25.400s,original,,,,,,,,,,,,,,,,,,,,,,,,,,,,,,,,,,,,,,,,,,,,,,,,,,,,,,,,,,,,,,,,,,,,,,,,,,,,,,,,,,,,,,,,,,,,,,,,,,,,,,,,,,,,,,,,,,,,,,,,,,,,,,,,
1,en-us,27.722721s,0.83580786, first some people say that taking refuses can search some people some Korean people say that taking refuses came take some just from the original,0.91283858,10.200s,9.400s,first,0.91283858,10.900s,10.600s,some,0.91283858,11.500s,10.900s,people,0.91283858,11.700s,11.500s,say,0.91283858,12s,11.700s,that,0.91283858,12.400s,12s,taking,0.91283858,13.200s,12.400s,refuses,0.91283858,14.800s,13.800s,can,0.91283858,17.300s,16.800s,search,0.91283858,17.700s,17.500s,some,0.91283858,18.400s,17.700s,people,0.91283858,18.700s,18.400s,some,0.91283858,19s,18.700s,Korean,0.91283858,19.400s,19s,people,0.91283858,19.600s,19.400s,say,0.91283858,19.900s,19.600s,that,0.91283858,20.500s,19.900s,taking,0.84563267,21.500s,20.800s,refuses,0.34893179,22.900s,22.600s,came,0.73522151,23.500s,22.900s,take,0.81125587,23.800s,23.500s,some,0.91283858,24.100s,23.800s,just,0.71175456,24.800s,24.100s,from,0.35233927,25.400s,25.400s,the,0.65896416,26.200s,25.400s,original,,,,,,,,,,,,,,,,,,,,,,,,,,,,,,,,,,,,,,,,,,,,,,,,,,,,,,,,,,,,,,,,,,,,,,,,,,,,,,,,,,,,,,,,,,,,,,,,,,,,,,,,,,,,,,,,,,,,,,,,,,,,,,,,,,,,,,,,
2,en-us,33.475737s,0.91283858, yeah,0.91283858,32.500s,32.200s,yeah,,,,,,,,,,,,,,,,,,,,,,,,,,,,,,,,,,,,,,,,,,,,,,,,,,,,,,,,,,,,,,,,,,,,,,,,,,,,,,,,,,,,,,,,,,,,,,,,,,,,,,,,,,,,,,,,,,,,,,,,,,,,,,,,,,,,,,,,,,,,,,,,,,,,,,,,,,,,,,,,,,,,,,,,,,,,,,,,,,,,,,,,,,,,,,,,,,,,,,,,,,,,,,,,,,,,,,,,,,,,,,,,,,,,,,,,
1,en-us,33.535873s,0.91283858, yeah,0.91283858,32.500s,32.200s,yeah,,,,,,,,,,,,,,,,,,,,,,,,,,,,,,,,,,,,,,,,,,,,,,,,,,,,,,,,,,,,,,,,,,,,,,,,,,,,,,,,,,,,,,,,,,,,,,,,,,,,,,,,,,,,,,,,,,,,,,,,,,,,,,,,,,,,,,,,,,,,,,,,,,,,,,,,,,,,,,,,,,,,,,,,,,,,,,,,,,,,,,,,,,,,,,,,,,,,,,,,,,,,,,,,,,,,,,,,,,,,,,,,,,,,,,,,
2,en-us,36.552698s,0.54727769, we'll restart,0.44653571,35.400s,34.900s,we'll,0.64801973,36.300s,35.400s,restart,,,,,,,,,,,,,,,,,,,,,,,,,,,,,,,,,,,,,,,,,,,,,,,,,,,,,,,,,,,,,,,,,,,,,,,,,,,,,,,,,,,,,,,,,,,,,,,,,,,,,,,,,,,,,,,,,,,,,,,,,,,,,,,,,,,,,,,,,,,,,,,,,,,,,,,,,,,,,,,,,,,,,,,,,,,,,,,,,,,,,,,,,,,,,,,,,,,,,,,,,,,,,,,,,,,,,,,,,,,,,,,,,,,,
1,en-us,36.652925s,0.56002814, we'll restart,0.4574118,35.400s,34.900s,we'll,0.66264451,36.200s,35.400s,restart,,,,,,,,,,,,,,,,,,,,,,,,,,,,,,,,,,,,,,,,,,,,,,,,,,,,,,,,,,,,,,,,,,,,,,,,,,,,,,,,,,,,,,,,,,,,,,,,,,,,,,,,,,,,,,,,,,,,,,,,,,,,,,,,,,,,,,,,,,,,,,,,,,,,,,,,,,,,,,,,,,,,,,,,,,,,,,,,,,,,,,,,,,,,,,,,,,,,,,,,,,,,,,,,,,,,,,,,,,,,,,,,,,,,
2,en-us,42.496145s,0.8036418, so your time starts now,0.91283858,38s,37.500s,so,0.91283858,38.400s,38s,your,0.91283858,39s,38.400s,time,0.91283858,39.800s,39s,starts,0.36685482,40.400s,39.800s,now,,,,,,,,,,,,,,,,,,,,,,,,,,,,,,,,,,,,,,,,,,,,,,,,,,,,,,,,,,,,,,,,,,,,,,,,,,,,,,,,,,,,,,,,,,,,,,,,,,,,,,,,,,,,,,,,,,,,,,,,,,,,,,,,,,,,,,,,,,,,,,,,,,,,,,,,,,,,,,,,,,,,,,,,,,,,,,,,,,,,,,,,,,,,,,,,,,,,,,,,,,,,,,,,,,,,,,,,
1,en-us,42.596372s,0.80057269, so your time starts now,0.91283858,38s,37.500s,so,0.91283858,38.500s,38s,your,0.91283858,39.100s,38.500s,time,0.91283858,39.800s,39.100s,starts,0.35150895,42.500s,39.800s,now,,,,,,,,,,,,,,,,,,,,,,,,,,,,,,,,,,,,,,,,,,,,,,,,,,,,,,,,,,,,,,,,,,,,,,,,,,,,,,,,,,,,,,,,,,,,,,,,,,,,,,,,,,,,,,,,,,,,,,,,,,,,,,,,,,,,,,,,,,,,,,,,,,,,,,,,,,,,,,,,,,,,,,,,,,,,,,,,,,,,,,,,,,,,,,,,,,,,,,,,,,,,,,,,,,,,,,,,
2,en-us,44.921632s,,,,,,,,,,,,,,,,,,,,,,,,,,,,,,,,,,,,,,,,,,,,,,,,,,,,,,,,,,,,,,,,,,,,,,,,,,,,,,,,,,,,,,,,,,,,,,,,,,,,,,,,,,,,,,,,,,,,,,,,,,,,,,,,,,,,,,,,,,,,,,,,,,,,,,,,,,,,,,,,,,,,,,,,,,,,,,,,,,,,,,,,,,,,,,,,,,,,,,,,,,,,,,,,,,,,,,,,,,,,,,,,,,,,,,,,,,,,,,
1,en-us,45.122086s,,,,,,,,,,,,,,,,,,,,,,,,,,,,,,,,,,,,,,,,,,,,,,,,,,,,,,,,,,,,,,,,,,,,,,,,,,,,,,,,,,,,,,,,,,,,,,,,,,,,,,,,,,,,,,,,,,,,,,,,,,,,,,,,,,,,,,,,,,,,,,,,,,,,,,,,,,,,,,,,,,,,,,,,,,,,,,,,,,,,,,,,,,,,,,,,,,,,,,,,,,,,,,,,,,,,,,,,,,,,,,,,,,,,,,,,,,,,,,
1,en-us,76.202404s,0.80214989, taking refuses can occur the like like a jobs in Jeju Island that is not because some because Yemen refuse it can supply labor domestic interest in the streets like there is a lack of Labor in some industry in Jeju Island by for some dangerous job or some taking risk risk were at the concert,0.91283858,49.700s,49.300s,taking,0.91283858,50.300s,49.700s,refuses,0.91283858,50.800s,50.300s,can,0.91283858,51.800s,51.300s,occur,0.91283858,52.400s,51.800s,the,0.91283858,53.400s,53s,like,0.91283858,53.800s,53.400s,like,0.91283858,54.300s,53.800s,a,0.91283858,54.900s,54.300s,jobs,0.91283858,55.400s,55.100s,in,0.63240832,55.700s,55.400s,Jeju,0.63240838,56.100s,55.700s,Island,0.71170932,56.500s,56.100s,that,0.72142464,56.700s,56.500s,is,0.89718527,57s,56.700s,not,0.69993216,57.600s,57s,because,0.75433499,58.100s,57.600s,some,0.91283858,58.800s,58.400s,because,0.76323617,59.400s,58.800s,Yemen,0.91283858,60.600s,60.200s,refuse,0.76211417,60.700s,60.600s,it,0.76656014,61.200s,60.700s,can,0.75700551,61.700s,61.200s,supply,0.67224771,62.600s,61.700s,labor,0.91283858,63.100s,62.700s,domestic,0.74859303,63.700s,63.100s,interest,0.70530474,63.900s,63.700s,in,0.73080766,64.100s,63.900s,the,0.91283858,64.600s,64.100s,streets,0.5555957,65.100s,64.600s,like,0.71256012,66.400s,65.800s,there,0.91283858,66.500s,66.400s,is,0.72100359,66.600s,66.500s,a,0.85844338,66.900s,66.600s,lack,0.71053934,67.100s,66.900s,of,0.88673151,67.500s,67.100s,Labor,0.91283858,67.700s,67.500s,in,0.71399826,68.300s,67.700s,some,0.91283858,68.800s,68.300s,industry,0.91283858,68.900s,68.800s,in,0.91283858,69.200s,68.900s,Jeju,0.91283858,69.700s,69.200s,Island,0.67386502,69.900s,69.700s,by,0.74859303,70.500s,69.900s,for,0.72369462,70.900s,70.500s,some,0.6982404,71.300s,70.900s,dangerous,0.91283858,71.700s,71.300s,job,0.68290377,72.200s,71.700s,or,0.72100365,72.700s,72.200s,some,0.91283858,73.100s,72.700s,taking,0.91283858,73.400s,73.100s,risk,0.6919809,74s,73.500s,risk,0.69919693,74.400s,74s,were,0.51907891,75.500s,75.300s,at,0.91283858,75.600s,75.500s,the,0.73957086,76s,75.600s,concert,,,,,,,,,,,,
2,en-us,76.232472s,0.77482349, taking refuses K or corroded like like jobs in Jeju Island but it's not because some because we are men music can supply labor domestic interest Industries like there is a lack of Labor in some industry in Jeju Island by for some dangerous job or some taking risk risk for that deposit,0.91283858,49.700s,49.300s,taking,0.91283858,50.300s,49.700s,refuses,0.54043841,50.800s,50.300s,K,0.54043853,50.800s,50.800s,or,0.51850533,52.400s,51.500s,corroded,0.91283858,53.400s,53s,like,0.60295385,53.800s,53.400s,like,0.75718755,54.900s,54.300s,jobs,0.70223743,55.400s,55.100s,in,0.87924826,55.700s,55.400s,Jeju,0.91283858,56.100s,55.700s,Island,0.70736682,56.500s,56.100s,but,0.91283858,56.700s,56.500s,it's,0.75305867,57s,56.700s,not,0.63364893,57.600s,57s,because,0.74324238,58.100s,57.600s,some,0.9052521,58.800s,58.300s,because,0.72466737,58.900s,58.800s,we,0.91283858,59s,58.900s,are,0.71041942,59.600s,59s,men,0.71055847,60.700s,60.200s,music,0.72518712,61.200s,60.700s,can,0.89172006,61.700s,61.200s,supply,0.55510694,62.600s,61.700s,labor,0.91283858,63.100s,62.600s,domestic,0.72894347,63.700s,63.100s,interest,0.91283858,64.600s,63.700s,Industries,0.64324772,65.100s,64.600s,like,0.71311235,66.400s,65.800s,there,0.91283858,66.600s,66.400s,is,0.91283858,66.600s,66.600s,a,0.73923826,66.900s,66.600s,lack,0.69892198,67.100s,66.900s,of,0.85238826,67.500s,67.100s,Labor,0.91283858,67.700s,67.500s,in,0.70301712,68.300s,67.700s,some,0.89172006,68.800s,68.300s,industry,0.91283858,68.900s,68.800s,in,0.91283858,69.200s,68.900s,Jeju,0.91283858,69.700s,69.200s,Island,0.71311229,69.900s,69.700s,by,0.6989221,70.500s,69.900s,for,0.69531262,70.900s,70.500s,some,0.6989221,71.300s,70.900s,dangerous,0.91283858,71.700s,71.300s,job,0.64268321,72.300s,71.700s,or,0.70809036,72.700s,72.300s,some,0.91283858,73.100s,72.700s,taking,0.88017285,73.500s,73.100s,risk,0.65361905,74s,73.500s,risk,0.70223212,74.400s,74s,for,0.76796257,75.500s,75.200s,that,0.72737622,76s,75.500s,deposit,,,,,,,,,,,,,,,,,,,,,,,,
1,en-us,106.691384s,0.69729102, Korean people Windows you have Tendencies to avoid dangerous stuff dangerous jobs so taking any reviews can can help to help to supply labor for that dangerous Industries and also print this Korean people need for you to have humanitarian attitude game,0.91283858,78.400s,78s,Korean,0.91283858,78.700s,78.400s,people,0.91283858,79.200s,78.700s,Windows,0.91283858,79.800s,79.200s,you,0.91283858,80.100s,79.800s,have,0.91283858,80.700s,80.100s,Tendencies,0.91283858,81.200s,80.700s,to,0.91283858,81.600s,81.200s,avoid,0.91283858,82.100s,81.600s,dangerous,0.91283858,82.700s,82.100s,stuff,0.91283858,83.900s,83.400s,dangerous,0.91283858,84.300s,83.900s,jobs,0.91283858,84.900s,84.300s,so,0.91283858,85.700s,85s,taking,0.34969667,86.400s,86.100s,any,0.37106964,87s,86.400s,reviews,0.91283858,87.800s,87s,can,0.57744342,88.600s,88.100s,can,0.62943834,89s,88.600s,help,0.47591045,89.700s,89s,to,0.64302438,90.100s,89.800s,help,0.50153291,90.800s,90.100s,to,0.6705395,92.400s,91.600s,supply,0.42017016,93s,92.400s,labor,0.91283858,93.200s,93s,for,0.4673911,93.900s,93.200s,that,0.47931072,94.600s,93.900s,dangerous,0.76678574,95.400s,94.700s,Industries,0.66224498,95.600s,95.400s,and,0.40973663,96.500s,95.600s,also,0.71256548,98.100s,97.700s,print,0.35634539,98.700s,98.100s,this,0.86767298,100.300s,99.700s,Korean,0.72229284,100.900s,100.300s,people,0.70916897,101.400s,101s,need,0.40973663,102s,101.400s,for,0.60249442,102.700s,102.500s,you,0.35525483,103.400s,102.700s,to,0.4555707,104.200s,103.500s,have,0.91283858,105.300s,104.200s,humanitarian,0.55649436,105.900s,105.300s,attitude,0.59606951,106.300s,105.900s,game,,,,,,,,,,,,,,,,,,,,,,,,,,,,,,,,,,,,,,,,,,,,,,,,,,,,,,,,,,,,,,,,,,,,
2,en-us,106.982041s,0.90254027, Korean people Windows you have Tendencies to avoid dangerous stuff dangerous jobs so taking any revisions can can help to help to supply labor for that dangerous Industries and also Korean this is Korean people need for did you have humanitarian attitude young too,0.91283858,78.400s,78s,Korean,0.91283858,78.700s,78.400s,people,0.91283858,79.100s,78.700s,Windows,0.91283858,79.800s,79.100s,you,0.91283858,80.200s,79.800s,have,0.9087885,80.800s,80.200s,Tendencies,0.91283858,81.200s,80.800s,to,0.91283858,81.600s,81.200s,avoid,0.91283858,82.100s,81.600s,dangerous,0.91283858,82.700s,82.100s,stuff,0.91283858,83.900s,83.300s,dangerous,0.91283858,84.300s,83.900s,jobs,0.91283858,84.900s,84.300s,so,0.91283858,85.700s,85s,taking,0.91283858,86.400s,86.200s,any,0.91283858,87s,86.400s,revisions,0.91283858,87.800s,87s,can,0.91283858,88.700s,88.100s,can,0.91283858,89s,88.700s,help,0.91283858,89.700s,89s,to,0.91283858,90.100s,89.800s,help,0.91283858,90.800s,90.100s,to,0.91283858,92.300s,91.600s,supply,0.91283858,93s,92.400s,labor,0.91283858,93.200s,93s,for,0.91283858,93.900s,93.200s,that,0.91283858,94.600s,93.900s,dangerous,0.91283858,95.400s,94.700s,Industries,0.91283858,95.600s,95.400s,and,0.91283858,96.500s,95.600s,also,0.91283858,98.100s,97.700s,Korean,0.91283858,98.700s,98.100s,this,0.91283858,99.200s,99.100s,is,0.9087885,100.300s,99.700s,Korean,0.91283858,101s,100.300s,people,0.91283858,101.400s,101s,need,0.91283858,102.100s,101.400s,for,0.91283858,102.800s,102.500s,did,0.91283858,103.400s,102.800s,you,0.91283858,104.200s,103.400s,have,0.91283858,105.300s,104.200s,humanitarian,0.91283858,105.900s,105.300s,attitude,0.64257812,106.300s,105.900s,young,0.73808432,106.800s,106.400s,too,,,,,,,,,,,,,,,,,,,,,,,,,,,,,,,,,,,,,,,,,,,,,,,,,,,,,,,,,,,,
2,en-us,118.768707s,0.72743016, my reduces because yema refuses surgeon into Korea Korea to Syria situation not for seeking a job but sticking for taking their life,0.91283858,107.400s,107.200s,my,0.91283858,108.200s,107.400s,reduces,0.91283858,109.700s,109.100s,because,0.41253534,110s,109.700s,yema,0.66017103,110.600s,110s,refuses,0.91283858,111.100s,110.600s,surgeon,0.74377644,111.600s,111.100s,into,0.89994699,112.300s,111.600s,Korea,0.91283858,112.700s,112.400s,Korea,0.59028959,113.200s,112.700s,to,0.91283858,113.400s,113.200s,Syria,0.63706112,114.100s,113.400s,situation,0.91283858,114.300s,114.100s,not,0.66800737,114.500s,114.300s,for,0.91283858,114.900s,114.500s,seeking,0.65098208,114.900s,114.900s,a,0.59190232,115.400s,114.900s,job,0.49807134,115.600s,115.400s,but,0.66680461,116.100s,115.600s,sticking,0.67819369,116.600s,116.100s,for,0.68993384,117.200s,116.800s,taking,0.45498091,117.700s,117.200s,their,0.58552557,118.300s,117.700s,life,,,,,,,,,,,,,,,,,,,,,,,,,,,,,,,,,,,,,,,,,,,,,,,,,,,,,,,,,,,,,,,,,,,,,,,,,,,,,,,,,,,,,,,,,,,,,,,,,,,,,,,,,,,,,,,,,,,,,,,,,,,,,,,,,,,,,,,,,,,,,,,,
1,en-us,118.778731s,0.70566839, my refuses because Yemen refuses surgeon into Korea Korea to Syria situation not worth taking a job but sticking for a second day of your life,0.78004128,107.400s,107.200s,my,0.91283858,108.200s,107.400s,refuses,0.84531146,109.700s,109.100s,because,0.90036577,110s,109.700s,Yemen,0.91283858,110.600s,110s,refuses,0.375,111.100s,110.600s,surgeon,0.49186888,111.600s,111.100s,into,0.6822657,112.300s,111.600s,Korea,0.91283858,112.700s,112.300s,Korea,0.43556222,113.200s,112.700s,to,0.69208306,113.500s,113.200s,Syria,0.57730383,114.100s,113.500s,situation,0.72671658,114.300s,114.100s,not,0.7177704,114.600s,114.300s,worth,0.39618593,114.900s,114.600s,taking,0.91283858,114.900s,114.900s,a,0.77028424,115.300s,114.900s,job,0.59910446,115.600s,115.300s,but,0.61933029,116.200s,115.600s,sticking,0.62737548,116.600s,116.200s,for,0.695871,116.800s,116.700s,a,0.91283858,117.100s,116.800s,second,0.67655855,117.400s,117.100s,day,0.91283858,117.400s,117.400s,of,0.5702256,117.700s,117.400s,your,0.69111949,118.300s,117.700s,life,,,,,,,,,,,,,,,,,,,,,,,,,,,,,,,,,,,,,,,,,,,,,,,,,,,,,,,,,,,,,,,,,,,,,,,,,,,,,,,,,,,,,,,,,,,,,,,,,,,,,,,,,,,,,,,,,,,,,,,,,,,,,,,,,,,,
2,en-us,149.458141s,0.75098217, in history while Korea was under Japanese Rule and provisionals government what's that up in Shanghai Korean ancestors were also political Affairs has also Koreans are not away from this issue after print were there were a lot of Korean refuses like Yemen so this could happen to us too so there,0.91283858,121.900s,121.700s,in,0.91283858,122.800s,121.900s,history,0.91283858,124.100s,123.700s,while,0.91283858,124.400s,124.100s,Korea,0.91283858,124.600s,124.400s,was,0.91283858,125s,124.600s,under,0.91283858,125.500s,125s,Japanese,0.91283858,126s,125.500s,Rule,0.91283858,126.600s,126.100s,and,0.55600393,127.700s,126.700s,provisionals,0.72782165,128.300s,127.700s,government,0.61014104,128.600s,128.300s,what's,0.61014104,128.800s,128.600s,that,0.69600368,129s,128.800s,up,0.72914284,129.200s,129s,in,0.65973186,129.800s,129.200s,Shanghai,0.76916915,130.400s,129.800s,Korean,0.91283858,131.400s,130.700s,ancestors,0.69704598,131.900s,131.400s,were,0.71991384,132.300s,131.900s,also,0.87567627,133.300s,132.300s,political,0.77920347,133.600s,133.300s,Affairs,0.72782165,133.900s,133.600s,has,0.69265699,134.800s,134.300s,also,0.91283858,135.500s,134.800s,Koreans,0.91283858,135.700s,135.500s,are,0.71218967,136.200s,135.700s,not,0.76916915,136.600s,136.200s,away,0.61574334,137.200s,136.600s,from,0.72081953,137.800s,137.600s,this,0.65045863,138.500s,137.800s,issue,0.65318835,139.500s,138.600s,after,0.71292347,139.900s,139.500s,print,0.72836941,140.100s,139.900s,were,0.7245661,140.600s,140.100s,there,0.70031601,140.900s,140.600s,were,0.91283858,140.900s,140.900s,a,0.86998713,141.300s,140.900s,lot,0.59221697,141.700s,141.300s,of,0.70282251,142.500s,141.800s,Korean,0.81670368,143.200s,142.500s,refuses,0.76445407,143.600s,143.200s,like,0.69791085,144s,143.600s,Yemen,0.61788356,144.600s,144s,so,0.64467734,145.700s,145s,this,0.91283858,146.300s,146.100s,could,0.69258094,146.600s,146.300s,happen,0.61186129,146.900s,146.600s,to,0.55373824,147.400s,146.900s,us,0.48044407,147.800s,147.500s,too,0.68804759,148.300s,147.800s,so,0.6997894,149.200s,148.300s,there,,,,,,,,,,,,,,,,,,,,,,,,,,,,
1,en-us,149.488210s,0.79543865, in history while Korea was under Japanese Rule and provisional government what's that up in Shanghai Korean ancestors were also political with this is also Koreans are not away from this issue after green were there were a lot of Korean burger places like Yemen so this could happen to us too so there,0.91283858,121.900s,121.600s,in,0.91283858,122.800s,121.900s,history,0.91283858,124.100s,123.700s,while,0.91283858,124.400s,124.100s,Korea,0.91283858,124.600s,124.400s,was,0.91283858,125s,124.600s,under,0.91283858,125.500s,125s,Japanese,0.91283858,126s,125.500s,Rule,0.91283858,126.600s,126.100s,and,0.91283858,127.600s,126.700s,provisional,0.91283858,128.300s,127.600s,government,0.91283858,128.600s,128.300s,what's,0.91283858,128.800s,128.600s,that,0.91283858,129s,128.800s,up,0.91283858,129.200s,129s,in,0.91283858,129.800s,129.200s,Shanghai,0.91283858,130.500s,129.800s,Korean,0.91283858,131.400s,130.700s,ancestors,0.91283858,131.900s,131.400s,were,0.91283858,132.300s,131.900s,also,0.91283858,133.200s,132.300s,political,0.75705647,133.400s,133.200s,with,0.8159706,133.600s,133.400s,this,0.85071379,133.900s,133.600s,is,0.84995109,134.800s,134.300s,also,0.91283858,135.500s,134.800s,Koreans,0.91283858,135.800s,135.500s,are,0.87238145,136.200s,135.800s,not,0.91283858,136.600s,136.200s,away,0.77006549,137.100s,136.600s,from,0.89245015,137.800s,137.600s,this,0.80813974,138.500s,137.800s,issue,0.81009769,139.500s,138.600s,after,0.34736398,139.900s,139.600s,green,0.7185787,140.100s,139.900s,were,0.71431237,140.600s,140.100s,there,0.66922706,140.900s,140.600s,were,0.91283858,140.900s,140.900s,a,0.81433642,141.300s,140.900s,lot,0.47010806,141.700s,141.300s,of,0.75047606,142.300s,141.800s,Korean,0.74654746,142.800s,142.300s,burger,0.65465444,143.200s,142.800s,places,0.86198729,143.600s,143.200s,like,0.64896804,144s,143.600s,Yemen,0.51066232,144.600s,144s,so,0.57940269,145.700s,145s,this,0.91283858,146.300s,146.100s,could,0.63515794,146.600s,146.300s,happen,0.52835375,146.900s,146.600s,to,0.4342269,147.400s,146.900s,us,0.49370387,147.800s,147.500s,too,0.61141282,148.300s,147.800s,so,0.60357386,149.200s,148.300s,there,,,,,,,,,,,,,,,,,,,,
2,en-us,155.982903s,0.9114666, with some humanitarian attitude for decision,0.91283858,149.900s,149.500s,with,0.91283858,150.600s,149.900s,some,0.91283858,152.700s,151.600s,humanitarian,0.91283858,153.200s,152.700s,attitude,0.91283858,153.600s,153.200s,for,0.90460658,154.300s,153.600s,decision,,,,,,,,,,,,,,,,,,,,,,,,,,,,,,,,,,,,,,,,,,,,,,,,,,,,,,,,,,,,,,,,,,,,,,,,,,,,,,,,,,,,,,,,,,,,,,,,,,,,,,,,,,,,,,,,,,,,,,,,,,,,,,,,,,,,,,,,,,,,,,,,,,,,,,,,,,,,,,,,,,,,,,,,,,,,,,,,,,,,,,,,,,,,,,,,,,,,,,,,,,,,,,,,,,,,
1,en-us,156.012972s,0.80028689, some humanitarian attitude for decision,0.72790933,150.600s,149.900s,some,0.72852433,152.700s,151.600s,humanitarian,0.91283858,153.200s,152.700s,attitude,0.74166667,153.600s,153.200s,for,0.89049524,154.400s,153.600s,decision,,,,,,,,,,,,,,,,,,,,,,,,,,,,,,,,,,,,,,,,,,,,,,,,,,,,,,,,,,,,,,,,,,,,,,,,,,,,,,,,,,,,,,,,,,,,,,,,,,,,,,,,,,,,,,,,,,,,,,,,,,,,,,,,,,,,,,,,,,,,,,,,,,,,,,,,,,,,,,,,,,,,,,,,,,,,,,,,,,,,,,,,,,,,,,,,,,,,,,,,,,,,,,,,,,,,,,,,
2,en-us,189.278232s,0.77694553, you said reduce are only taking part jobs which Koreans don't want to take but as you know or young people there is very high unemployment rate and even though they take only the hard jobs young people can feel the other risk and,0.91283858,161.100s,160.900s,you,0.91283858,161.400s,161.100s,said,0.91283858,163.700s,163.200s,reduce,0.91283858,163.800s,163.700s,are,0.91283858,164s,163.800s,only,0.91283858,164.800s,164s,taking,0.91283858,165.300s,165s,part,0.91283858,165.800s,165.300s,jobs,0.48760122,166.400s,165.800s,which,0.75508112,167.800s,167.100s,Koreans,0.91283858,168.600s,168.400s,don't,0.91283858,168.800s,168.600s,want,0.61557269,168.900s,168.800s,to,0.72585624,169.300s,168.900s,take,0.61557263,169.900s,169.300s,but,0.91283858,171.300s,171.100s,as,0.91283858,171.400s,171.300s,you,0.6674211,171.900s,171.400s,know,0.77556103,172.300s,172.100s,or,0.91283858,172.500s,172.300s,young,0.65284663,172.900s,172.500s,people,0.65895605,173.500s,172.900s,there,0.84788626,173.900s,173.600s,is,0.72123504,174.300s,173.900s,very,0.562594,174.800s,174.300s,high,0.58554935,175.600s,174.800s,unemployment,0.71420127,176.100s,175.600s,rate,0.57247096,176.900s,176.400s,and,0.6799174,177.200s,176.900s,even,0.91283858,177.400s,177.200s,though,0.91283858,177.600s,177.400s,they,0.72460943,178.100s,177.600s,take,0.69925582,178.600s,178.200s,only,0.69925588,178.800s,178.600s,the,0.91283858,179.100s,178.800s,hard,0.77277464,179.500s,179.100s,jobs,0.91283858,182.800s,182.500s,young,0.91283858,183.300s,182.800s,people,0.66429371,184s,183.300s,can,0.60521674,185.400s,184.800s,feel,0.91283858,186.900s,186.800s,the,0.6318621,187.200s,186.900s,other,0.69325387,187.900s,187.200s,risk,0.71282536,188.800s,188.100s,and,,,,,,,,,,,,,,,,,,,,,,,,,,,,,,,,,,,,,,,,,,,,,,,,,,,,,,,,,,,,
1,en-us,189.388483s,0.81236231, this is our only taking heart drops which Koreans don't want to take but as you know or young people there is very high unemployment rate and even though they take only the hard jobs young people can feel the other risk and,0.91283858,161.200s,160.900s,this,0.91283858,163.700s,163.500s,is,0.91283858,163.800s,163.700s,our,0.91283858,164s,163.800s,only,0.91283858,164.800s,164s,taking,0.67422217,165.300s,165.100s,heart,0.67422223,165.800s,165.300s,drops,0.72985858,166.400s,165.800s,which,0.85733241,167.800s,167.100s,Koreans,0.89491457,168.600s,168.400s,don't,0.91283858,168.800s,168.600s,want,0.75973749,168.900s,168.800s,to,0.75973767,169.400s,168.900s,take,0.71209824,169.900s,169.400s,but,0.91283858,171.300s,171.100s,as,0.91283858,171.400s,171.300s,you,0.72686702,171.800s,171.400s,know,0.91283858,172.300s,172.100s,or,0.91283858,172.500s,172.300s,young,0.71840519,172.900s,172.500s,people,0.72516942,173.400s,172.900s,there,0.84313488,173.900s,173.600s,is,0.91283858,174.300s,173.900s,very,0.70123982,174.800s,174.300s,high,0.70675653,175.600s,174.800s,unemployment,0.76463914,176.100s,175.600s,rate,0.7039898,176.900s,176.500s,and,0.72686696,177.200s,176.900s,even,0.91283858,177.400s,177.200s,though,0.91283858,177.600s,177.400s,they,0.76890606,178.100s,177.600s,take,0.73645425,178.600s,178.100s,only,0.77083844,178.800s,178.600s,the,0.91283858,179s,178.800s,hard,0.84313488,179.500s,179s,jobs,0.91283858,182.800s,182.500s,young,0.91283858,183.300s,182.800s,people,0.7457754,184s,183.300s,can,0.71451628,185.400s,184.800s,feel,0.90103865,186.900s,186.800s,the,0.70960045,187.100s,186.900s,other,0.72810459,187.800s,187.100s,risk,0.72860634,188.800s,188.100s,and,,,,,,,,,,,,,,,,,,,,,,,,,,,,,,,,,,,,,,,,,,,,,,,,,,,,,,,,,,,,,,,,
1,en-us,219.917554s,0.89516407, the problem is that we cannot tell which one is the fake Refugee and in early 2015 some big refugees went to Europe to take jobs and there are also rumors that the refugees are refusing to take hard jobs in the Dryland and they also complained about their salary so this this means that they are not,0.91283858,190.200s,190.100s,the,0.91283858,190.700s,190.200s,problem,0.91283858,191s,190.700s,is,0.91283858,191.400s,191s,that,0.91283858,191.900s,191.400s,we,0.91283858,192.700s,191.900s,cannot,0.91283858,193.600s,193.200s,tell,0.91283858,193.900s,193.600s,which,0.91283858,194.100s,193.900s,one,0.91283858,194.300s,194.100s,is,0.91283858,194.400s,194.300s,the,0.91283858,194.700s,194.400s,fake,0.91283858,195.400s,194.700s,Refugee,0.91283858,196.200s,195.900s,and,0.91283858,196.300s,196.200s,in,0.91283858,196.600s,196.300s,early,0.91283858,198.300s,196.600s,2015,0.91283858,199.400s,198.800s,some,0.91283858,199.900s,199.700s,big,0.91283858,200.600s,199.900s,refugees,0.91283858,200.900s,200.600s,went,0.91283858,201.400s,200.900s,to,0.91283858,202s,201.600s,Europe,0.91283858,202.100s,202s,to,0.91283858,202.500s,202.100s,take,0.91283858,203.100s,202.500s,jobs,0.91283858,204.200s,203.600s,and,0.91283858,205.100s,204.700s,there,0.91283858,205.400s,205.100s,are,0.91283858,205.800s,205.400s,also,0.91283858,206.300s,205.800s,rumors,0.91283858,206.800s,206.300s,that,0.91283858,207.200s,207.100s,the,0.91283858,208s,207.200s,refugees,0.91283858,208.500s,208.300s,are,0.91283858,209.200s,208.500s,refusing,0.91283858,209.700s,209.200s,to,0.91283858,210.300s,210.100s,take,0.91283858,210.500s,210.300s,hard,0.91283858,210.900s,210.500s,jobs,0.91283858,211.300s,210.900s,in,0.91283858,211.500s,211.300s,the,0.91283858,212.200s,211.500s,Dryland,0.91283858,212.400s,212.200s,and,0.91283858,212.600s,212.400s,they,0.91283858,213s,212.600s,also,0.91283858,213.600s,213s,complained,0.91283858,214.100s,213.600s,about,0.91283858,214.500s,214.100s,their,0.91283858,215.300s,214.700s,salary,0.91283858,215.900s,215.600s,so,0.91283858,216.300s,215.900s,this,0.84812713,216.700s,216.500s,this,0.88820887,217.100s,216.700s,means,0.87311965,217.600s,217.100s,that,0.60039705,218.400s,218.300s,they,0.59659004,218.600s,218.400s,are,0.64548463,219s,218.600s,not,,,,
2,en-us,219.927575s,0.82182771, the problem is that we cannot tell which one is the fake Refugee and in early 2015 some big refugees went to Europe to take jobs and there are also rumors that the refugees are refusing to take our jobs in which island and they also complained about their salary so this this means that they are not,0.91283858,190.300s,190.100s,the,0.91283858,190.700s,190.300s,problem,0.91283858,191s,190.700s,is,0.91283858,191.400s,191s,that,0.91283858,191.900s,191.400s,we,0.91283858,192.700s,191.900s,cannot,0.91283858,193.600s,193.200s,tell,0.91283858,193.900s,193.600s,which,0.91283858,194.100s,193.900s,one,0.91283858,194.300s,194.100s,is,0.91283858,194.400s,194.300s,the,0.91283858,194.700s,194.400s,fake,0.91283858,195.400s,194.700s,Refugee,0.91283858,196.200s,195.900s,and,0.91283858,196.300s,196.200s,in,0.91283858,196.600s,196.300s,early,0.91283858,198.300s,196.600s,2015,0.91283858,199.400s,198.800s,some,0.91283858,199.900s,199.700s,big,0.91283858,200.600s,199.900s,refugees,0.91283858,200.900s,200.600s,went,0.91283858,201.400s,200.900s,to,0.91283858,202s,201.600s,Europe,0.91283858,202.100s,202s,to,0.91283858,202.600s,202.100s,take,0.91283858,203.100s,202.600s,jobs,0.91283858,204.200s,203.500s,and,0.91283858,205.100s,204.700s,there,0.91283858,205.400s,205.100s,are,0.91283858,205.800s,205.400s,also,0.91283858,206.300s,205.800s,rumors,0.91283858,206.800s,206.300s,that,0.91283858,207.200s,207.100s,the,0.91283858,208s,207.200s,refugees,0.91283858,208.500s,208.300s,are,0.91283858,209.200s,208.500s,refusing,0.91283858,209.700s,209.200s,to,0.91283858,210.400s,210.100s,take,0.37050408,210.500s,210.400s,our,0.91283858,211s,210.500s,jobs,0.64410353,211.300s,211s,in,0.58831811,211.600s,211.300s,which,0.62782091,212.200s,211.600s,island,0.75524074,212.400s,212.200s,and,0.73030019,212.600s,212.400s,they,0.64410353,213s,212.600s,also,0.91283858,213.600s,213s,complained,0.56106317,214s,213.600s,about,0.6760453,214.500s,214s,their,0.72084904,215.300s,214.700s,salary,0.71908289,215.900s,215.600s,so,0.91283858,216.200s,215.900s,this,0.56836379,216.700s,216.500s,this,0.59079987,217.100s,216.700s,means,0.44438711,217.600s,217.100s,that,0.69812649,218.500s,218.300s,they,0.54683119,218.500s,218.500s,are,0.35370037,219s,218.500s,not,,,,
1,en-us,249.895377s,0.82389593, really real refugees which like like their place to live and most of the refugees that come to Korea are very young and strong male refugees and they are real real threat to safety of women in Korea because Islam culture the women right in this world culture is very,0.91283858,220.600s,220s,really,0.91283858,221.200s,220.900s,real,0.91283858,222s,221.200s,refugees,0.91283858,222.700s,222.200s,which,0.91283858,224s,223.500s,like,0.91283858,224.500s,224.300s,like,0.91283858,224.800s,224.500s,their,0.91283858,225s,224.800s,place,0.91283858,225.100s,225s,to,0.91283858,225.500s,225.100s,live,0.91283858,226.600s,225.900s,and,0.91283858,228.800s,228.500s,most,0.91283858,228.900s,228.800s,of,0.91283858,229s,228.900s,the,0.91283858,229.600s,229s,refugees,0.91283858,229.900s,229.600s,that,0.91283858,230.100s,229.900s,come,0.91283858,230.200s,230.100s,to,0.91283858,230.900s,230.200s,Korea,0.91283858,231.500s,230.900s,are,0.91283858,232.800s,232.300s,very,0.91283858,233.700s,233.400s,young,0.91283858,233.800s,233.700s,and,0.91283858,234.500s,233.800s,strong,0.91283858,235s,234.600s,male,0.91283858,235.700s,235s,refugees,0.91283858,236.700s,236.100s,and,0.91283858,237.100s,236.700s,they,0.91283858,237.300s,237.100s,are,0.52263808,237.400s,237.300s,real,0.84449112,238s,237.700s,real,0.89346737,238.400s,238s,threat,0.57954693,239s,238.400s,to,0.65646344,239.600s,239.100s,safety,0.71778852,239.900s,239.600s,of,0.61279899,240.400s,239.900s,women,0.73198223,240.600s,240.400s,in,0.64257914,241.200s,240.600s,Korea,0.58754206,242.300s,241.600s,because,0.63501394,243.800s,243.400s,Islam,0.69665271,244.500s,243.800s,culture,0.91283858,247.100s,247s,the,0.65821981,247.400s,247.100s,women,0.70320272,247.700s,247.400s,right,0.91283858,247.800s,247.700s,in,0.71469313,248s,247.800s,this,0.63519108,248.200s,248s,world,0.72129995,248.800s,248.200s,culture,0.78304142,249.100s,248.800s,is,0.56019455,249.700s,249.100s,very,,,,,,,,,,,,,,,,,,,,,,,,,,,,,,,,,,,,
2,en-us,249.905398s,0.87515509, really real refugees which like like their place to live and most of the refugees that come to Korea are very young and strong male refugees and they are very real threat to safety of women in Korea because Islam culture the women right in his own culture is very,0.91283858,220.700s,220s,really,0.91283858,221.200s,220.800s,real,0.91283858,222s,221.200s,refugees,0.91283858,222.700s,222.200s,which,0.91283858,224s,223.500s,like,0.91283858,224.500s,224.300s,like,0.91283858,224.800s,224.500s,their,0.91283858,225s,224.800s,place,0.91283858,225.200s,225s,to,0.91283858,225.500s,225.200s,live,0.91283858,226.600s,225.900s,and,0.91283858,228.800s,228.500s,most,0.91283858,228.900s,228.800s,of,0.91283858,229s,228.900s,the,0.91283858,229.700s,229s,refugees,0.91283858,229.900s,229.700s,that,0.91283858,230.100s,229.900s,come,0.91283858,230.200s,230.100s,to,0.91283858,230.900s,230.200s,Korea,0.91283858,231.500s,230.900s,are,0.91283858,232.800s,232.300s,very,0.91283858,233.700s,233.400s,young,0.91283858,233.800s,233.700s,and,0.91283858,234.500s,233.800s,strong,0.91283858,235s,234.600s,male,0.91283858,235.700s,235s,refugees,0.91283858,236.700s,236.100s,and,0.91283858,237.100s,236.700s,they,0.91283858,237.200s,237.100s,are,0.91283858,237.400s,237.200s,very,0.91283858,238s,237.800s,real,0.91283858,238.400s,238s,threat,0.91283858,239s,238.400s,to,0.91283858,239.600s,239.100s,safety,0.91283858,239.900s,239.600s,of,0.91283858,240.400s,239.900s,women,0.91283858,240.600s,240.400s,in,0.91283858,241.200s,240.600s,Korea,0.91283858,242.300s,241.700s,because,0.61231184,243.800s,243.300s,Islam,0.72661036,244.600s,243.800s,culture,0.91283858,247.100s,247s,the,0.72544563,247.400s,247.100s,women,0.74520034,247.700s,247.400s,right,0.91283858,247.800s,247.700s,in,0.7220332,248s,247.800s,his,0.70551258,248.200s,248s,own,0.71348441,248.900s,248.200s,culture,0.69939262,249.100s,248.900s,is,0.68138587,249.700s,249.100s,very,,,,,,,,,,,,,,,,,,,,,,,,,,,,,,,,,,,,
2,en-us,268.467394s,0.9128384, bad and there are real cases that they are refugees raped a lot of women in Europe so for the safety of of Korean people the refugees should be banned,0.91283858,250.700s,250.100s,bad,0.91283858,251.500s,250.800s,and,0.91283858,252.500s,252.100s,there,0.91283858,253s,252.500s,are,0.91283858,253.700s,253s,real,0.91283858,254.500s,253.900s,cases,0.91283858,255s,254.500s,that,0.91283858,255.900s,255.700s,they,0.91283858,256s,255.900s,are,0.91283858,256.600s,256s,refugees,0.91283858,257.100s,256.600s,raped,0.91283858,257.900s,257.900s,a,0.91283858,258.500s,257.900s,lot,0.91283858,258.700s,258.500s,of,0.91283858,259.200s,258.700s,women,0.91283858,259.800s,259.200s,in,0.91283858,261s,260.300s,Europe,0.91283858,261.700s,261s,so,0.91283858,262.200s,261.900s,for,0.91283858,262.300s,262.200s,the,0.91283858,262.900s,262.300s,safety,0.91283858,263.200s,262.900s,of,0.91283858,264.500s,264.200s,of,0.91283858,264.900s,264.500s,Korean,0.91283858,265.600s,264.900s,people,0.91283858,266.200s,266s,the,0.91283858,267.100s,266.200s,refugees,0.91283858,267.400s,267.100s,should,0.91283858,267.600s,267.400s,be,0.91283858,268.100s,267.600s,banned,,,,,,,,,,,,,,,,,,,,,,,,,,,,,,,,,,,,,,,,,,,,,,,,,,,,,,,,,,,,,,,,,,,,,,,,,,,,,,,,,,,,,,,,,,,,,,,,,,,,,,,,,,,,,,,,,,,,
1,en-us,268.517509s,0.9128384, bad and there are real cases that they are refugees with a lot of women in Europe so for the safety of of Korean people the refugees should be kind,0.91283858,250.700s,250.100s,bad,0.91283858,251.500s,250.800s,and,0.91283858,252.500s,252.100s,there,0.91283858,253s,252.500s,are,0.91283858,253.700s,253s,real,0.91283858,254.500s,253.900s,cases,0.91283858,255s,254.500s,that,0.91283858,255.900s,255.700s,they,0.91283858,255.900s,255.900s,are,0.91283858,256.600s,255.900s,refugees,0.91283858,257.100s,256.600s,with,0.91283858,258s,257.900s,a,0.91283858,258.600s,258s,lot,0.91283858,258.700s,258.600s,of,0.91283858,259.200s,258.700s,women,0.91283858,259.800s,259.200s,in,0.91283858,261s,260.300s,Europe,0.91283858,261.700s,261s,so,0.91283858,262.200s,261.900s,for,0.91283858,262.300s,262.200s,the,0.91283858,262.900s,262.300s,safety,0.91283858,263.200s,262.900s,of,0.91283858,264.500s,264.200s,of,0.91283858,264.900s,264.500s,Korean,0.91283858,265.600s,264.900s,people,0.91283858,266.200s,266s,the,0.91283858,267.100s,266.200s,refugees,0.91283858,267.300s,267.100s,should,0.91283858,267.600s,267.300s,be,0.91283858,268.100s,267.600s,kind,,,,,,,,,,,,,,,,,,,,,,,,,,,,,,,,,,,,,,,,,,,,,,,,,,,,,,,,,,,,,,,,,,,,,,,,,,,,,,,,,,,,,,,,,,,,,,,,,,,,,,,,,,,,,,,,,,,,
1,en-us,299.186897s,0.77545905, I just said is true that I was already busy made very critical issues like real things in your rug but it does mean it hasn't occurred in Korea and and also use that and also you start that only young only unveiled if there's has come to Korea but yeah it's true but that's because it does bi,0.91283858,272.100s,271.900s,I,0.91283858,272.400s,272.100s,just,0.91283858,272.800s,272.400s,said,0.91283858,273s,272.800s,is,0.91283858,273.300s,273s,true,0.91283858,274s,273.300s,that,0.91283858,274.100s,274s,I,0.91283858,274.300s,274.100s,was,0.5216772,274.900s,274.300s,already,0.5220502,275.700s,274.900s,busy,0.75919938,276.500s,276s,made,0.91283858,276.800s,276.500s,very,0.76554877,277.700s,276.800s,critical,0.91283858,278.700s,278.300s,issues,0.6141206,279s,278.700s,like,0.91283858,279.300s,279s,real,0.53421241,280.300s,279.300s,things,0.6560058,280.600s,280.400s,in,0.91283858,280.800s,280.600s,your,0.91283858,281.200s,280.800s,rug,0.71876419,281.600s,281.200s,but,0.91283858,281.700s,281.600s,it,0.91283858,282s,281.700s,does,0.71557873,282.200s,282s,mean,0.63587844,282.400s,282.200s,it,0.73007649,282.800s,282.400s,hasn't,0.70117736,283.700s,282.800s,occurred,0.72287917,284.100s,283.700s,in,0.64117122,284.800s,284.100s,Korea,0.68316191,285.600s,285.100s,and,0.580612,287.200s,286.900s,and,0.74717402,287.500s,287.200s,also,0.91283858,287.800s,287.500s,use,0.65979427,288.400s,287.800s,that,0.91283858,288.800s,288.600s,and,0.6509133,289s,288.800s,also,0.91283858,289.200s,289s,you,0.66565377,289.500s,289.200s,start,0.62057316,290.200s,289.500s,that,0.69659209,290.800s,290.300s,only,0.74414498,291.400s,290.800s,young,0.72452694,292s,291.700s,only,0.91283858,292.900s,292s,unveiled,0.91131431,293s,292.900s,if,0.91131419,293.200s,293s,there's,0.76561522,293.400s,293.200s,has,0.7613644,293.900s,293.400s,come,0.69918197,294.500s,293.900s,to,0.78370053,295.300s,294.900s,Korea,0.68853939,295.700s,295.300s,but,0.72521979,295.900s,295.700s,yeah,0.91283858,296.200s,295.900s,it's,0.91283858,296.400s,296.200s,true,0.56929892,296.900s,296.400s,but,0.72009683,297.200s,296.900s,that's,0.65265679,297.800s,297.200s,because,0.74083555,298.100s,297.800s,it,0.91283858,298.800s,298.600s,does,0.72902358,298.900s,298.800s,bi
2,en-us,299.277100s,0.69634295, I just said is true that also represents the make very critical issues like things in your rug but it doesn't it has not occurred in trigger and and also use that and also you said that only young Indian way of the dishes come to Korea but yeah it's true but that's because if that's,0.91283858,272.100s,271.900s,I,0.91283858,272.400s,272.100s,just,0.91283858,272.800s,272.400s,said,0.91283858,273s,272.800s,is,0.91283858,273.300s,273s,true,0.91283858,274s,273.300s,that,0.90139794,274.500s,274s,also,0.72322643,275.200s,274.500s,represents,0.72322643,275.700s,275.200s,the,0.83363843,276.500s,276s,make,0.91283858,276.800s,276.500s,very,0.71748769,277.700s,276.800s,critical,0.91283858,278.700s,278.300s,issues,0.66627026,279.400s,278.700s,like,0.81147438,280.300s,279.400s,things,0.71382147,280.600s,280.400s,in,0.37119776,281.100s,280.600s,your,0.41338968,281.100s,281.100s,rug,0.63253325,281.500s,281.100s,but,0.91283858,281.700s,281.600s,it,0.72120792,282.200s,281.700s,doesn't,0.44628024,282.400s,282.200s,it,0.53031749,282.700s,282.400s,has,0.79039478,283s,282.700s,not,0.49397865,283.700s,283s,occurred,0.70342183,284s,283.700s,in,0.55531818,284.800s,284s,trigger,0.62068152,285.600s,285.100s,and,0.44513944,287.200s,286.900s,and,0.72727156,287.500s,287.200s,also,0.91177756,287.800s,287.500s,use,0.54217637,288.400s,287.800s,that,0.91283858,288.700s,288.600s,and,0.51720655,289s,288.700s,also,0.91283858,289.200s,289s,you,0.6271072,289.500s,289.200s,said,0.38598239,290.200s,289.500s,that,0.54632086,290.800s,290.300s,only,0.71873659,291.300s,290.800s,young,0.91283858,292.200s,291.700s,Indian,0.55582643,292.700s,292.200s,way,0.42574027,292.800s,292.700s,of,0.71379089,292.900s,292.800s,the,0.72390521,293.400s,292.900s,dishes,0.55410647,293.900s,293.400s,come,0.65414041,294.500s,293.900s,to,0.74513447,295.300s,294.900s,Korea,0.58283496,295.800s,295.300s,but,0.72390521,295.900s,295.800s,yeah,0.91283858,296.100s,295.900s,it's,0.76244551,296.400s,296.100s,true,0.4046683,296.900s,296.400s,but,0.68970883,297.200s,296.900s,that's,0.55899751,297.800s,297.200s,because,0.70746171,298.100s,297.800s,if,0.53465205,299.100s,298.600s,that's,,,,,,,,,,,,
1,en-us,329.164720s,0.74506867, young Matt young male and then refuses could be could be how can they if they if they remain if they remain in German they should do military station to military service in their in their country stored age and it doesn't accursed it doesn't offer too,0.91283858,299.700s,299.300s,young,0.56938189,300s,299.700s,Matt,0.60154194,300.300s,300s,young,0.72742182,300.900s,300.300s,male,0.91283858,301.500s,301.400s,and,0.79131252,301.700s,301.500s,then,0.69894087,302.400s,301.700s,refuses,0.91283858,303s,302.400s,could,0.67793179,303.600s,303s,be,0.75756484,304.700s,304.400s,could,0.56938189,305.400s,304.700s,be,0.91283858,306.400s,306.300s,how,0.91283858,306.500s,306.400s,can,0.70553827,307.500s,307s,they,0.67934501,309.100s,308.500s,if,0.67793179,309.700s,309.100s,they,0.56938189,310.200s,310.100s,if,0.82606852,310.400s,310.200s,they,0.70927012,311s,310.400s,remain,0.91283858,311.600s,311.500s,if,0.76563549,311.800s,311.600s,they,0.71420223,312.300s,311.800s,remain,0.58470625,312.900s,312.300s,in,0.73242062,313.600s,312.900s,German,0.70553827,314.100s,313.700s,they,0.91283858,314.500s,314.100s,should,0.68535298,315.100s,314.500s,do,0.71004003,315.800s,315.100s,military,0.91283858,317s,316.400s,station,0.5983603,317.600s,317s,to,0.87141556,319.200s,318.600s,military,0.67793179,319.800s,319.200s,service,0.91283858,320.200s,320s,in,0.61369699,321.400s,320.200s,their,0.91283858,321.500s,321.400s,in,0.63325924,322.200s,321.500s,their,0.91283858,322.800s,322.400s,country,0.72252327,323.300s,322.800s,stored,0.67904979,323.700s,323.300s,age,0.72858757,325.500s,325.100s,and,0.75582325,325.800s,325.500s,it,0.72466677,326.600s,325.800s,doesn't,0.74421734,327.300s,326.600s,accursed,0.52960414,327.800s,327.600s,it,0.91283858,328s,327.800s,doesn't,0.74639368,328.300s,328s,offer,0.57972229,328.900s,328.300s,too,,,,,,,,,,,,,,,,,,,,,,,,,,,,,,,,,,,,,,,,,,,,,,,,
2,en-us,329.254923s,0.79872429, young Matt young male Yemen refuges could be could be guessing they if they if they remain if they remain in Yemen they should do military they should do military service in their in their country store daesh and it doesn't appreciate it doesn't oppress do,0.91283858,299.700s,299.300s,young,0.74110073,299.900s,299.700s,Matt,0.85038561,300.300s,300s,young,0.88017398,300.900s,300.300s,male,0.9072063,301.700s,301.400s,Yemen,0.91283858,302.400s,301.700s,refuges,0.91283858,303s,302.400s,could,0.7804212,303.700s,303s,be,0.91283858,304.700s,304.400s,could,0.74110067,305.400s,304.700s,be,0.88516748,306.800s,306.400s,guessing,0.76802564,307.500s,307s,they,0.75945693,309.100s,308.500s,if,0.75885564,309.700s,309.100s,they,0.72515541,310.200s,310.100s,if,0.91283858,310.400s,310.200s,they,0.79597723,311s,310.400s,remain,0.91283858,311.600s,311.500s,if,0.90542191,311.800s,311.600s,they,0.81222188,312.300s,311.800s,remain,0.72676468,312.900s,312.300s,in,0.69055802,313.600s,312.900s,Yemen,0.71206933,314.100s,313.700s,they,0.91283858,314.500s,314.100s,should,0.71404135,315.100s,314.500s,do,0.71943182,315.800s,315.100s,military,0.87665188,316.700s,316.500s,they,0.91283858,317s,316.700s,should,0.6958015,317.600s,317s,do,0.71472973,319.200s,318.600s,military,0.659661,319.900s,319.200s,service,0.86124712,320.200s,320s,in,0.66534579,321.400s,320.200s,their,0.91283858,321.500s,321.400s,in,0.68053174,322.200s,321.500s,their,0.91283858,322.800s,322.400s,country,0.89573181,323.100s,322.800s,store,0.77337223,323.700s,323.100s,daesh,0.72402108,325.500s,325.200s,and,0.7507636,325.800s,325.500s,it,0.736655,326.600s,325.800s,doesn't,0.72002268,327.300s,326.600s,appreciate,0.62717962,327.800s,327.600s,it,0.91283858,328s,327.800s,doesn't,0.72719425,328.300s,328s,oppress,0.71765292,328.900s,328.300s,do,,,,,,,,,,,,,,,,,,,,,,,,,,,,,,,,,,,,,,,,,,,,,,,,,,,,
2,en-us,339.818824s,0.72049898, young young people and women to show is their priority they have some priority for that we should,0.91283858,330.600s,330.200s,young,0.91283858,331.300s,331.100s,young,0.91283858,331.900s,331.300s,people,0.91283858,332.600s,331.900s,and,0.91283858,333s,332.600s,women,0.87704629,333.100s,333s,to,0.36714742,333.600s,333.100s,show,0.60551697,334s,333.600s,is,0.83662611,335.200s,334.700s,their,0.56942213,336.200s,335.200s,priority,0.74721789,336.800s,336.500s,they,0.91283858,337s,336.800s,have,0.91283858,337.200s,337s,some,0.48708561,337.800s,337.200s,priority,0.54759216,338.700s,338.200s,for,0.46362877,339.100s,338.800s,that,0.70263809,339.300s,339.100s,we,0.37519097,339.700s,339.300s,should,,,,,,,,,,,,,,,,,,,,,,,,,,,,,,,,,,,,,,,,,,,,,,,,,,,,,,,,,,,,,,,,,,,,,,,,,,,,,,,,,,,,,,,,,,,,,,,,,,,,,,,,,,,,,,,,,,,,,,,,,,,,,,,,,,,,,,,,,,,,,,,,,,,,,,,,,,,,,,,,,,,,
1,en-us,340.059369s,0.9128387, young young people and women still is their priority they have some priority for that you should,0.91283858,330.700s,330.200s,young,0.91283858,331.300s,331.100s,young,0.91283858,331.900s,331.300s,people,0.91283858,332.600s,331.900s,and,0.91283858,333s,332.600s,women,0.91283858,333.600s,333s,still,0.91283858,334s,333.600s,is,0.91283858,335.200s,334.700s,their,0.91283858,336.200s,335.200s,priority,0.91283858,336.800s,336.500s,they,0.91283858,337s,336.800s,have,0.91283858,337.200s,337s,some,0.91283858,338.200s,337.200s,priority,0.91283858,338.700s,338.200s,for,0.91283858,339.200s,338.800s,that,0.91283858,339.300s,339.200s,you,0.91283858,339.800s,339.300s,should,,,,,,,,,,,,,,,,,,,,,,,,,,,,,,,,,,,,,,,,,,,,,,,,,,,,,,,,,,,,,,,,,,,,,,,,,,,,,,,,,,,,,,,,,,,,,,,,,,,,,,,,,,,,,,,,,,,,,,,,,,,,,,,,,,,,,,,,,,,,,,,,,,,,,,,,,,,,,,,,,,,,,,,,
2,en-us,342.464810s,,,,,,,,,,,,,,,,,,,,,,,,,,,,,,,,,,,,,,,,,,,,,,,,,,,,,,,,,,,,,,,,,,,,,,,,,,,,,,,,,,,,,,,,,,,,,,,,,,,,,,,,,,,,,,,,,,,,,,,,,,,,,,,,,,,,,,,,,,,,,,,,,,,,,,,,,,,,,,,,,,,,,,,,,,,,,,,,,,,,,,,,,,,,,,,,,,,,,,,,,,,,,,,,,,,,,,,,,,,,,,,,,,,,,,,,,,,,,,
2,en-us,370.488212s,0.81813449, he's escaped from their country because of the military service and it also means that they just escaped from there and Country abandoning their families and that's because they're the only strong people who can was able to run away from their own country and,0.91283858,347.200s,346.900s,he's,0.91283858,348s,347.500s,escaped,0.91283858,348.200s,348s,from,0.91283858,348.500s,348.200s,their,0.91283858,349s,348.500s,country,0.91283858,349.400s,349s,because,0.91283858,349.600s,349.400s,of,0.91283858,349.900s,349.600s,the,0.91283858,350.400s,350s,military,0.91283858,351s,350.400s,service,0.91283858,352s,351.200s,and,0.91283858,353s,352.900s,it,0.91283858,353.300s,353s,also,0.91283858,353.700s,353.300s,means,0.70441872,353.800s,353.700s,that,0.75922233,354.900s,354.400s,they,0.7256037,355.100s,354.900s,just,0.80953306,355.800s,355.100s,escaped,0.70428324,356.200s,355.900s,from,0.76640618,356.500s,356.200s,there,0.76288944,356.800s,356.500s,and,0.72906315,357.200s,356.800s,Country,0.75602728,358.100s,357.200s,abandoning,0.91283858,358.800s,358.600s,their,0.865502,359.500s,358.800s,families,0.68054235,360.200s,359.500s,and,0.75001138,360.400s,360.200s,that's,0.91283858,360.800s,360.400s,because,0.91177529,361.200s,360.800s,they're,0.73454356,361.600s,361.200s,the,0.69024324,361.900s,361.600s,only,0.73454356,362.300s,361.900s,strong,0.91283858,362.800s,362.300s,people,0.91283858,363s,362.800s,who,0.76121062,363.400s,363s,can,0.71555376,364s,363.800s,was,0.91283858,364.300s,364s,able,0.64471245,364.900s,364.300s,to,0.86863911,365.400s,365.200s,run,0.67099231,365.700s,365.400s,away,0.71446759,366s,365.700s,from,0.76519042,366.300s,366s,their,0.91283858,366.500s,366.300s,own,0.75357783,367.100s,366.500s,country,0.58033013,368.500s,367.900s,and,,,,,,,,,,,,,,,,,,,,,,,,,,,,,,,,,,,,,,,,,,,,,,,,,,,,,,,,
1,en-us,370.508258s,0.9023084, he's escaped from their country because of the military service and it also means that they just escaped from their own country abandoning their families and that's because they're the only strong people who can was able to run away from their own country and,0.91283858,347.200s,347s,he's,0.91283858,348s,347.500s,escaped,0.91283858,348.200s,348s,from,0.91283858,348.600s,348.200s,their,0.91283858,349s,348.600s,country,0.91283858,349.400s,349s,because,0.91283858,349.600s,349.400s,of,0.91283858,349.900s,349.600s,the,0.91283858,350.400s,350s,military,0.91283858,351s,350.400s,service,0.91283858,352s,351.300s,and,0.91283858,353s,352.800s,it,0.91283858,353.300s,353s,also,0.91283858,353.700s,353.300s,means,0.91283858,354.200s,353.700s,that,0.91283858,354.900s,354.400s,they,0.91283858,355.200s,354.900s,just,0.91283858,355.800s,355.200s,escaped,0.91283858,356.100s,355.800s,from,0.91283858,356.600s,356.100s,their,0.91283858,356.700s,356.600s,own,0.91283858,357.200s,356.700s,country,0.91283858,358.200s,357.200s,abandoning,0.91283858,358.800s,358.500s,their,0.91283858,359.500s,358.800s,families,0.91283858,360.200s,359.500s,and,0.91283858,360.500s,360.200s,that's,0.91283858,360.800s,360.500s,because,0.91283858,361.200s,360.800s,they're,0.91283858,361.600s,361.200s,the,0.91283858,361.900s,361.600s,only,0.91283858,362.300s,361.900s,strong,0.91283858,362.800s,362.300s,people,0.91283858,363s,362.800s,who,0.91283858,363.400s,363s,can,0.75406575,364s,363.800s,was,0.91283858,364.300s,364s,able,0.84750074,364.900s,364.300s,to,0.91283858,365.400s,365.200s,run,0.838328,365.700s,365.400s,away,0.89204144,366s,365.700s,from,0.91283858,366.300s,366s,their,0.91283858,366.500s,366.300s,own,0.91283858,367.100s,366.500s,country,0.75841075,368.500s,367.800s,and,,,,,,,,,,,,,,,,,,,,,,,,,,,,,,,,,,,,,,,,,,,,,,,,,,,,,,,,
2,en-us,401.187668s,0.66812426, they came to Korea with Brokers and they were using SNS and I don't think that the less typical typical Refugee like using SMS and Facebook and I think it's one culture is not very compatible with Korean culture,0.4137184,371.900s,371.700s,they,0.6489284,373.100s,372.800s,came,0.40566012,373.600s,373.100s,to,0.70419067,374.100s,373.600s,Korea,0.62746412,374.600s,374.100s,with,0.65756845,375.700s,375s,Brokers,0.69773293,376s,375.700s,and,0.75512183,376.300s,376s,they,0.68559992,376.600s,376.300s,were,0.60641623,377.200s,376.600s,using,0.82111418,378s,377.200s,SNS,0.37723812,379.200s,378.500s,and,0.91283858,380.500s,380.400s,I,0.91283858,380.800s,380.500s,don't,0.43374339,381.100s,380.800s,think,0.3985917,381.700s,381.100s,that,0.42815614,383.600s,383.100s,the,0.3531912,384.400s,384s,less,0.91283858,385.800s,384.900s,typical,0.91283858,387s,386.500s,typical,0.66123348,387.800s,387s,Refugee,0.69640762,388.400s,388s,like,0.55282182,389.200s,388.600s,using,0.65591133,389.800s,389.200s,SMS,0.67769212,390s,389.800s,and,0.69947678,390.900s,390s,Facebook,0.41904899,392s,391.400s,and,0.91283858,393.300s,393.200s,I,0.69168925,393.900s,393.300s,think,0.91283858,395.500s,395.300s,it's,0.73619175,395.700s,395.500s,one,0.70064127,396.400s,395.700s,culture,0.91283858,396.500s,396.400s,is,0.67769212,396.700s,396.500s,not,0.91283858,397s,396.700s,very,0.50627154,397.700s,397s,compatible,0.7835896,398.100s,397.700s,with,0.91283858,398.500s,398.100s,Korean,0.36819735,399.100s,398.500s,culture,,,,,,,,,,,,,,,,,,,,,,,,,,,,,,,,,,,,,,,,,,,,,,,,,,,,,,,,,,,,,,,,,,,,,,,,,,,,,,,,
1,en-us,401.227759s,0.81860387, they came to Korea with Brokers and they were using SMS and I don't think that the less typical typical Refugee like using SMS and Facebook and I think it's one culture is not really compatible with Korean culture and they,0.91283858,372.800s,372.500s,they,0.91283858,373.100s,372.800s,came,0.83448267,373.600s,373.100s,to,0.91283858,374.100s,373.600s,Korea,0.91283858,374.600s,374.100s,with,0.91174185,375.700s,375s,Brokers,0.91283858,376.100s,375.700s,and,0.91283858,376.300s,376.100s,they,0.91283858,376.500s,376.300s,were,0.89991486,377.200s,376.500s,using,0.91283858,377.900s,377.200s,SMS,0.89001685,379.200s,378.500s,and,0.84898525,380.500s,380.400s,I,0.91283858,380.800s,380.500s,don't,0.76626074,381.200s,380.800s,think,0.76469439,381.600s,381.200s,that,0.7689575,383.600s,383.100s,the,0.68513775,384.300s,384s,less,0.91283858,385.800s,384.900s,typical,0.91283858,386.900s,386.500s,typical,0.75182354,387.800s,386.900s,Refugee,0.73781973,388.400s,388s,like,0.7261458,389.100s,388.600s,using,0.76214737,389.800s,389.100s,SMS,0.76842546,390s,389.800s,and,0.72894394,390.800s,390s,Facebook,0.61220586,392s,391.400s,and,0.82265037,393.300s,393.200s,I,0.72904789,393.800s,393.300s,think,0.91283858,395.500s,395.300s,it's,0.71357548,395.700s,395.500s,one,0.73144138,396.400s,395.700s,culture,0.91283858,396.500s,396.400s,is,0.74309248,396.800s,396.500s,not,0.91283858,397s,396.800s,really,0.70211309,397.700s,397s,compatible,0.80074567,398.100s,397.700s,with,0.91283858,398.500s,398.100s,Korean,0.58711171,399.100s,398.500s,culture,0.66986334,400.400s,400.200s,and,0.91283858,401s,400.800s,they,,,,,,,,,,,,,,,,,,,,,,,,,,,,,,,,,,,,,,,,,,,,,,,,,,,,,,,,,,,,,,,,,,,,,,,,
2,en-us,429.571886s,0.76578206, some time to pray during the day and they don't really they there are language problems and they only eat certain food and I think they are more merciful they are they more feel to other Islamic countries but instead of going other is one country they came to Korea and I think,0.91283858,401.500s,401.300s,some,0.91283858,401.900s,401.500s,time,0.91283858,402s,401.900s,to,0.91283858,402.700s,402s,pray,0.91283858,403.500s,403.100s,during,0.59822708,403.600s,403.500s,the,0.71330678,403.900s,403.600s,day,0.64087528,404.500s,403.900s,and,0.71863991,404.900s,404.500s,they,0.71963727,405.500s,404.900s,don't,0.66985571,406s,405.500s,really,0.66106296,409.400s,409s,they,0.90499043,410.100s,409.700s,there,0.72021532,410.300s,410.100s,are,0.72711921,410.700s,410.300s,language,0.91283858,411.400s,410.700s,problems,0.71696228,412s,411.400s,and,0.70863616,412.900s,412.500s,they,0.69916207,413.500s,412.900s,only,0.69556433,413.900s,413.600s,eat,0.70324385,414.300s,413.900s,certain,0.7276895,414.900s,414.300s,food,0.69461358,415.900s,415.300s,and,0.91283858,416s,415.900s,I,0.68849897,416.500s,416s,think,0.71330678,417.800s,417.200s,they,0.72368157,418s,417.800s,are,0.71793234,418.400s,418s,more,0.77051622,419.300s,418.400s,merciful,0.74445486,419.700s,419.500s,they,0.65260553,419.900s,419.700s,are,0.86348587,420.200s,419.900s,they,0.70863616,420.600s,420.200s,more,0.76815438,421s,420.600s,feel,0.72065175,421.500s,421s,to,0.7395286,421.800s,421.500s,other,0.91283858,422.300s,421.800s,Islamic,0.61045897,422.900s,422.300s,countries,0.91283858,423.200s,423.100s,but,0.90499043,423.600s,423.200s,instead,0.75650007,423.700s,423.600s,of,0.72008842,424s,423.700s,going,0.71926785,424.300s,424s,other,0.86348587,424.600s,424.300s,is,0.84455091,424.800s,424.600s,one,0.72368157,425.100s,424.800s,country,0.91283858,425.300s,425.100s,they,0.75650012,425.500s,425.300s,came,0.91283858,425.600s,425.500s,to,0.74156451,426.200s,425.600s,Korea,0.71330678,426.700s,426.200s,and,0.59822708,427.600s,427.500s,I,0.76134658,428.100s,427.600s,think,,,,,,,,,,,,,,,,,,,,,,,,
1,en-us,431.205582s,0.78137714, some time to pray during the day and they don't really they there are language problems and they only eat certain food and I think they are more they more fit to other Islamic countries but instead of going other is one country they came to Korea and I think I don't know why,0.91283858,401.500s,401.300s,some,0.91283858,401.900s,401.500s,time,0.91283858,402s,401.900s,to,0.91283858,402.600s,402s,pray,0.91283858,403.500s,403.100s,during,0.91283858,403.600s,403.500s,the,0.91283858,403.900s,403.600s,day,0.91283858,404.400s,403.900s,and,0.91283858,404.900s,404.400s,they,0.91283858,405.500s,404.900s,don't,0.91283858,406s,405.500s,really,0.71729553,409.200s,409.100s,they,0.90266472,410.100s,409.700s,there,0.91283858,410.300s,410.100s,are,0.841389,410.700s,410.300s,language,0.91283858,411.400s,410.700s,problems,0.79269946,412s,411.400s,and,0.76601887,412.900s,412.500s,they,0.7608856,413.500s,412.900s,only,0.74095672,413.900s,413.600s,eat,0.76088566,414.300s,413.900s,certain,0.84548318,414.900s,414.300s,food,0.73839509,415.900s,415.400s,and,0.91283858,416s,415.900s,I,0.73910087,416.500s,416s,think,0.72933793,417.800s,417.300s,they,0.75503099,418s,417.800s,are,0.72810495,418.700s,418s,more,0.4942894,420.100s,420s,they,0.55040431,420.600s,420.100s,more,0.57140476,421.100s,420.600s,fit,0.51779103,421.500s,421.100s,to,0.91283858,421.800s,421.500s,other,0.91283858,422.300s,421.800s,Islamic,0.35380027,423s,422.300s,countries,0.91283858,423.200s,423.100s,but,0.81017947,423.600s,423.200s,instead,0.91283858,423.700s,423.600s,of,0.64527625,424s,423.700s,going,0.61385399,424.300s,424s,other,0.75375408,424.600s,424.300s,is,0.91283858,424.800s,424.600s,one,0.6659568,425.100s,424.800s,country,0.91283858,425.300s,425.100s,they,0.71889728,425.500s,425.300s,came,0.91283858,425.700s,425.500s,to,0.69806612,426.200s,425.700s,Korea,0.57548052,426.700s,426.200s,and,0.35895616,427.600s,427.500s,I,0.69806612,428.100s,427.600s,think,0.91283858,430s,429.900s,I,0.91283858,430.200s,430s,don't,0.65409762,430.600s,430.200s,know,0.70055532,431s,430.600s,why,,,,,,,,,,,,,,,,,,,,
1,en-us,434.192340s,0.7314387, they came to Korea instead of going other Islamic country,0.73584026,431.300s,431.200s,they,0.8836441,431.500s,431.300s,came,0.77084953,431.700s,431.500s,to,0.66037273,432s,431.700s,Korea,0.73911971,432.400s,432s,instead,0.7420246,432.500s,432.400s,of,0.7467317,432.800s,432.500s,going,0.69607747,433.100s,432.800s,other,0.69183189,433.600s,433.100s,Islamic,0.6478948,434s,433.600s,country,,,,,,,,,,,,,,,,,,,,,,,,,,,,,,,,,,,,,,,,,,,,,,,,,,,,,,,,,,,,,,,,,,,,,,,,,,,,,,,,,,,,,,,,,,,,,,,,,,,,,,,,,,,,,,,,,,,,,,,,,,,,,,,,,,,,,,,,,,,,,,,,,,,,,,,,,,,,,,,,,,,,,,,,,,,,,,,,,,,,,,,,,,,,,,,,,,,,
2,en-us,434.212385s,0.86700064, I don't know why they team to create instead of going other Islamic country,0.91283858,430s,430s,I,0.91283858,430.300s,430s,don't,0.91283858,430.700s,430.300s,know,0.91283858,431s,430.700s,why,0.80490941,431.200s,431s,they,0.91283858,431.400s,431.200s,team,0.91283858,431.600s,431.400s,to,0.87896311,432s,431.600s,create,0.91283858,432.300s,432s,instead,0.91283858,432.400s,432.300s,of,0.91283858,432.700s,432.400s,going,0.86532634,433s,432.700s,other,0.72402352,433.500s,433s,Islamic,0.64923918,433.900s,433.500s,country,,,,,,,,,,,,,,,,,,,,,,,,,,,,,,,,,,,,,,,,,,,,,,,,,,,,,,,,,,,,,,,,,,,,,,,,,,,,,,,,,,,,,,,,,,,,,,,,,,,,,,,,,,,,,,,,,,,,,,,,,,,,,,,,,,,,,,,,,,,,,,,,,,,,,,,,,,,,,,,,,,,,,,,,,,,,,,,,,,,,
1,en-us,464.460821s,0.81488985, as you said it could be a better decision to Dom to go to the other Islamic country is in that Andrea but as you know is no also Diet also that this country is suffered stuffer for the word or situation and also,0.91283858,438.500s,438.200s,as,0.91283858,438.600s,438.500s,you,0.91283858,439s,438.600s,said,0.91283858,439.100s,439s,it,0.91283858,439.400s,439.100s,could,0.91283858,439.700s,439.400s,be,0.91283858,439.900s,439.700s,a,0.91283858,440.300s,439.900s,better,0.91283858,441.200s,440.300s,decision,0.91283858,441.400s,441.200s,to,0.91283858,441.700s,441.400s,Dom,0.91283858,441.900s,441.700s,to,0.91283858,442.200s,441.900s,go,0.91283858,442.500s,442.200s,to,0.91283858,442.800s,442.500s,the,0.91283858,443.300s,442.800s,other,0.71189499,443.700s,443.300s,Islamic,0.91283858,444.100s,443.700s,country,0.79074377,444.400s,444.100s,is,0.75481898,445.100s,444.900s,in,0.71521181,445.300s,445.100s,that,0.72641075,445.800s,445.300s,Andrea,0.70508963,446.400s,445.800s,but,0.89456075,447s,446.800s,as,0.91283858,447.100s,447s,you,0.72865176,447.500s,447.100s,know,0.8112399,448.100s,447.500s,is,0.72308171,449.600s,449.100s,no,0.75281042,450.400s,449.900s,also,0.78351551,450.900s,450.400s,Diet,0.72382069,451.600s,451s,also,0.7232374,452.300s,451.600s,that,0.88371438,453.400s,453.200s,this,0.90299046,453.800s,453.400s,country,0.54286605,454.100s,453.800s,is,0.7023887,457.400s,456.500s,suffered,0.89756531,457.900s,457.400s,stuffer,0.57063586,458.500s,457.900s,for,0.63378066,458.900s,458.500s,the,0.7052173,460.200s,459.800s,word,0.91283858,461.800s,461.600s,or,0.65053916,462.700s,461.800s,situation,0.84265417,462.900s,462.700s,and,0.6337806,463.700s,462.900s,also,,,,,,,,,,,,,,,,,,,,,,,,,,,,,,,,,,,,,,,,,,,,,,,,,,,,,,,,,,,,
2,en-us,464.500911s,0.75785005, as you said it could be a better decision introduction to go to the other is one country is in that Adria but as you know it is as you know also that also that this countries suffer suffer for the were or situation and also,0.91283858,438.500s,438.200s,as,0.91283858,438.600s,438.500s,you,0.91283858,439s,438.600s,said,0.91283858,439.200s,439s,it,0.91283858,439.500s,439.200s,could,0.91283858,439.800s,439.500s,be,0.91283858,439.900s,439.800s,a,0.91283858,440.300s,439.900s,better,0.91283858,440.900s,440.300s,decision,0.56903172,441.800s,440.900s,introduction,0.70289356,441.900s,441.800s,to,0.82583696,442.200s,441.900s,go,0.87676865,442.500s,442.200s,to,0.69823295,442.800s,442.500s,the,0.68106276,443.300s,442.800s,other,0.91283858,443.400s,443.300s,is,0.91283858,443.600s,443.400s,one,0.7054441,444s,443.600s,country,0.72333395,444.400s,444s,is,0.69473881,445.100s,444.900s,in,0.64449662,445.300s,445.100s,that,0.6856823,445.800s,445.300s,Adria,0.68441468,446.400s,445.800s,but,0.80101359,447s,446.800s,as,0.91283858,447.100s,447s,you,0.6764465,447.500s,447.100s,know,0.91283858,447.700s,447.500s,it,0.59895277,448s,447.700s,is,0.91283858,449.100s,448.900s,as,0.68877995,449.200s,449.100s,you,0.56495887,449.600s,449.200s,know,0.67538834,450.400s,449.900s,also,0.52095884,450.900s,450.400s,that,0.64030439,451.600s,451s,also,0.50096118,452.400s,451.600s,that,0.72056955,453.400s,453.200s,this,0.72200328,454.200s,453.400s,countries,0.91283858,457.300s,456.600s,suffer,0.91283858,457.900s,457.500s,suffer,0.68218964,458.500s,457.900s,for,0.58197385,458.900s,458.500s,the,0.54592705,460.800s,459.800s,were,0.91283858,461.800s,461.700s,or,0.59679133,462.700s,461.800s,situation,0.72499222,462.900s,462.700s,and,0.60870314,463.600s,462.900s,also,,,,,,,,,,,,,,,,,,,,,,,,,,,,,,,,,,,,,,,,,,,,,,,,,,,,
1,en-us,476.016966s,0.73236656, as you know is hard to come to Korea because is so far from Yemen but it's a part of the event so,0.91283858,466.700s,466.100s,as,0.91283858,466.800s,466.700s,you,0.91283858,467s,466.800s,know,0.74483705,467.300s,467s,is,0.91283858,467.600s,467.300s,hard,0.76514858,468s,467.600s,to,0.90913427,468.300s,468s,come,0.77295256,468.600s,468.300s,to,0.89101523,468.800s,468.600s,Korea,0.8451736,469.100s,468.800s,because,0.61840874,469.500s,469.100s,is,0.91283858,470s,469.800s,so,0.72752804,470.300s,470s,far,0.64652765,470.500s,470.300s,from,0.68543935,471s,470.500s,Yemen,0.58684218,471.500s,471s,but,0.71978861,472.700s,472.200s,it's,0.57492661,472.800s,472.700s,a,0.56025517,473.100s,472.800s,part,0.35014656,473.200s,473.100s,of,0.73783833,473.300s,473.200s,the,0.67724955,473.700s,473.300s,event,0.46702611,474.200s,473.700s,so,,,,,,,,,,,,,,,,,,,,,,,,,,,,,,,,,,,,,,,,,,,,,,,,,,,,,,,,,,,,,,,,,,,,,,,,,,,,,,,,,,,,,,,,,,,,,,,,,,,,,,,,,,,,,,,,,,,,,,,,,,,,,,,,,,,,,,,,,,,,,,,,
2,en-us,476.037011s,0.73481596, as you know is hard to come to Korea because it's so far from Yemen but it's so far from Yemen so,0.91283858,466.700s,466.500s,as,0.91283858,466.800s,466.700s,you,0.91283858,467s,466.800s,know,0.54452705,467.200s,467s,is,0.79104632,467.600s,467.200s,hard,0.61707628,468s,467.600s,to,0.75060403,468.300s,468s,come,0.65180957,468.600s,468.300s,to,0.72337979,468.800s,468.600s,Korea,0.69089299,469.200s,468.800s,because,0.76664948,469.500s,469.200s,it's,0.91283858,470s,469.800s,so,0.7235657,470.300s,470s,far,0.64061809,470.600s,470.300s,from,0.70743662,471s,470.600s,Yemen,0.59048975,471.500s,471s,but,0.78184605,472.700s,472.200s,it's,0.91283858,472.800s,472.700s,so,0.70658952,473s,472.800s,far,0.64292175,473.200s,473s,from,0.68562096,473.700s,473.200s,Yemen,0.58668226,474.200s,473.700s,so,,,,,,,,,,,,,,,,,,,,,,,,,,,,,,,,,,,,,,,,,,,,,,,,,,,,,,,,,,,,,,,,,,,,,,,,,,,,,,,,,,,,,,,,,,,,,,,,,,,,,,,,,,,,,,,,,,,,,,,,,,,,,,,,,,,,,,,,,,,,,,,,,,,,
2,en-us,507.007079s,0.72694898, a lot of people many people cannot compute really I mean they were the only they were the only one to come to Korea in their family and also it is big it is believed that it is believed that they'll just looked at Vale Yum Yum Yum music cat,0.91283858,477.500s,477.400s,a,0.91283858,477.800s,477.500s,lot,0.91283858,478s,477.800s,of,0.91283858,478.600s,478s,people,0.91283858,482s,481.800s,many,0.91283858,482.600s,482s,people,0.91283858,483.600s,482.900s,cannot,0.91283858,484.500s,483.600s,compute,0.70390689,484.700s,484.500s,really,0.91283858,484.800s,484.700s,I,0.86256462,485.200s,484.800s,mean,0.73276305,486.600s,486.200s,they,0.72863626,487.100s,486.600s,were,0.75996619,487.400s,487.200s,the,0.72424233,487.800s,487.400s,only,0.91283858,488.600s,488.500s,they,0.8186605,488.800s,488.600s,were,0.71512812,489s,488.800s,the,0.72801697,489.300s,489s,only,0.91283858,489.700s,489.300s,one,0.68189031,490s,489.700s,to,0.71412379,490.200s,490s,come,0.72801697,490.300s,490.200s,to,0.71868742,490.800s,490.300s,Korea,0.91283858,490.900s,490.800s,in,0.72106749,491.200s,490.900s,their,0.76754481,491.800s,491.200s,family,0.68189031,492.700s,492.300s,and,0.70393741,493.600s,492.700s,also,0.84313065,494.300s,494.100s,it,0.71412379,494.500s,494.300s,is,0.375,494.900s,494.500s,big,0.37038222,495.800s,495.600s,it,0.49989718,496s,495.800s,is,0.85597587,496.500s,496s,believed,0.35847989,497.200s,496.500s,that,0.4656373,497.600s,497.200s,it,0.69981903,497.700s,497.600s,is,0.91283858,498.100s,497.700s,believed,0.35847989,498.700s,498.100s,that,0.56139618,500s,499.100s,they'll,0.55542672,501.200s,501s,just,0.91283858,501.400s,501.200s,looked,0.59286684,501.600s,501.400s,at,0.55491763,502.200s,501.600s,Vale,0.91283858,503s,502.400s,Yum,0.34747091,504.800s,504.300s,Yum,0.375,505s,504.800s,Yum,0.91283858,505.900s,505.400s,music,0.72298884,506.400s,505.900s,cat,,,,,,,,,,,,,,,,,,,,,,,,,,,,,,,,,,,,
1,en-us,507.017103s,0.809636, a lot of people I mean many people cannot come to a career I mean they were the only gave you were the only one to come to Korea in their family and also it is built it is believed that it is believed that bail just looked at Vale Yum Yum Yum music cat,0.91283858,477.400s,477.400s,a,0.91283858,477.800s,477.400s,lot,0.91283858,478s,477.800s,of,0.91283858,478.600s,478s,people,0.72721833,479.200s,479.100s,I,0.89098167,479.600s,479.200s,mean,0.88524634,482s,481.800s,many,0.73865455,482.600s,482s,people,0.90700454,483.600s,482.900s,cannot,0.84510541,483.900s,483.600s,come,0.83837759,484.300s,483.900s,to,0.80117363,484.400s,484.300s,a,0.89579195,484.800s,484.400s,career,0.91283858,484.800s,484.800s,I,0.7377696,485.200s,484.800s,mean,0.77163708,486.600s,486.200s,they,0.7726441,487.100s,486.600s,were,0.82664251,487.400s,487.200s,the,0.89579171,487.700s,487.400s,only,0.91283858,488.500s,488.200s,gave,0.85745406,488.600s,488.500s,you,0.91283858,488.800s,488.600s,were,0.84647238,489s,488.800s,the,0.87517965,489.300s,489s,only,0.91283858,489.700s,489.300s,one,0.75392997,490s,489.700s,to,0.76940435,490.200s,490s,come,0.83955657,490.300s,490.200s,to,0.76940441,490.800s,490.300s,Korea,0.91283858,490.900s,490.800s,in,0.81988853,491.100s,490.900s,their,0.89332896,491.700s,491.100s,family,0.74142057,492.700s,492.300s,and,0.75940388,493.600s,492.700s,also,0.91283858,494.300s,494.100s,it,0.76304066,494.500s,494.300s,is,0.86575615,494.900s,494.500s,built,0.72623736,495.800s,495.600s,it,0.76940435,496s,495.800s,is,0.91283858,496.500s,496s,believed,0.73408902,497.100s,496.500s,that,0.76419181,497.600s,497.200s,it,0.91283858,497.700s,497.600s,is,0.91283858,498.100s,497.700s,believed,0.73408902,498.700s,498.100s,that,0.82497621,499.900s,499s,bail,0.91283858,501.200s,501s,just,0.91283858,501.400s,501.200s,looked,0.81843972,501.600s,501.400s,at,0.53372431,502.200s,501.600s,Vale,0.46779403,503.100s,502.400s,Yum,0.34759685,504.900s,504.300s,Yum,0.35138872,504.900s,504.900s,Yum,0.91283858,505.900s,505.500s,music,0.76436222,506.400s,505.900s,cat,,,,,,,,,,,,,,,,
2,en-us,536.984902s,0.74322546, has more possibility to take theirs up in bring country and also as use as you start that it'll be hard to hard part to be familiar with a Korean portrayal as edges that that is is not compatible but it is all same to useful same to the other vendors life from America or friends or whatever,0.91283858,507.400s,507s,has,0.91283858,508s,507.400s,more,0.91283858,508.800s,508.200s,possibility,0.91283858,509.400s,508.800s,to,0.91283858,510.100s,509.800s,take,0.62629706,510.600s,510.100s,theirs,0.63369679,511.100s,510.600s,up,0.70597255,511.800s,511.200s,in,0.77831751,512.700s,512.400s,bring,0.89730382,513.100s,512.700s,country,0.91283858,513.300s,513.100s,and,0.72150463,513.600s,513.300s,also,0.76381773,513.900s,513.600s,as,0.84056115,514.700s,513.900s,use,0.91283858,515.200s,515s,as,0.91283858,515.300s,515.200s,you,0.90768564,515.700s,515.300s,start,0.72150463,516.100s,515.700s,that,0.84213531,516.300s,516.100s,it'll,0.7244302,516.400s,516.300s,be,0.66383195,516.800s,516.400s,hard,0.58602768,517.900s,516.800s,to,0.91283858,518.200s,517.900s,hard,0.91283858,518.500s,518.200s,part,0.66451931,519s,518.500s,to,0.91283858,521.800s,521.700s,be,0.69613612,522.700s,522s,familiar,0.91283858,522.800s,522.700s,with,0.72532731,522.900s,522.800s,a,0.71919614,523.500s,522.900s,Korean,0.91283858,524.500s,523.500s,portrayal,0.75549811,524.800s,524.500s,as,0.91283858,525s,524.800s,edges,0.74482203,525.200s,525s,that,0.91283858,525.300s,525.200s,that,0.85409814,525.600s,525.300s,is,0.91283858,525.900s,525.800s,is,0.696307,526.100s,525.900s,not,0.71946806,526.800s,526.100s,compatible,0.60190606,527.400s,526.800s,but,0.375,527.900s,527.700s,it,0.375,528.200s,527.900s,is,0.72550547,528.800s,528.400s,all,0.66582489,529.200s,528.800s,same,0.44711411,529.800s,529.200s,to,0.59889477,530.600s,530.300s,useful,0.91283858,530.900s,530.600s,same,0.43194047,531.600s,530.900s,to,0.69727749,532s,531.700s,the,0.64775479,532.500s,532s,other,0.4112896,533s,532.500s,vendors,0.91283858,533.400s,533s,life,0.53868151,533.900s,533.400s,from,0.72626126,534.500s,533.900s,America,0.35511005,534.900s,534.500s,or,0.91283858,535.300s,534.900s,friends,0.37221757,535.900s,535.300s,or,0.80491108,536.800s,536.400s,whatever,,,,
1,en-us,536.994926s,0.7526567, has more possibility to take there's up in foreign country and also as use as you start that it'll be hard to hard to be familiar with Korean portrayal as edges that that is is not compatible but it's all saying to Israel saying to the other vendors life from America or friends or whatever,0.91283858,507.400s,507.100s,has,0.91283858,508s,507.400s,more,0.91283858,508.800s,508.200s,possibility,0.91283858,509.400s,508.800s,to,0.91283858,510.100s,509.800s,take,0.58626533,510.600s,510.100s,there's,0.72430187,511.100s,510.600s,up,0.72430187,511.700s,511.300s,in,0.91283858,512.700s,512.400s,foreign,0.84577996,513.100s,512.700s,country,0.82936943,513.300s,513.100s,and,0.71384448,513.600s,513.300s,also,0.86717826,513.900s,513.600s,as,0.82936943,514.700s,513.900s,use,0.76120597,515.200s,515s,as,0.71612316,515.300s,515.200s,you,0.71871793,515.700s,515.300s,start,0.70152432,516.100s,515.700s,that,0.68915302,516.300s,516.100s,it'll,0.72510165,516.400s,516.300s,be,0.68246174,516.800s,516.400s,hard,0.5143705,517.900s,516.800s,to,0.67435086,518.500s,517.900s,hard,0.53963161,519.100s,518.500s,to,0.91283858,521.800s,521.700s,be,0.63836193,522.700s,522s,familiar,0.70779192,522.900s,522.700s,with,0.60198563,523.500s,522.900s,Korean,0.88571179,524.500s,523.500s,portrayal,0.72109175,524.800s,524.500s,as,0.91283858,525s,524.800s,edges,0.7025798,525.200s,525s,that,0.91283858,525.300s,525.200s,that,0.76659477,525.600s,525.300s,is,0.69311845,525.900s,525.700s,is,0.6707291,526.100s,525.900s,not,0.69440955,526.800s,526.100s,compatible,0.53647792,527.500s,526.800s,but,0.71963137,528.200s,527.700s,it's,0.77088231,528.800s,528.400s,all,0.91283858,529.100s,528.800s,saying,0.64622259,529.800s,529.100s,to,0.85742354,530.600s,530.300s,Israel,0.91283858,530.900s,530.600s,saying,0.64142799,531.600s,530.900s,to,0.71607691,532s,531.700s,the,0.61567467,532.500s,532s,other,0.70268601,533s,532.500s,vendors,0.91283858,533.400s,533s,life,0.67435086,533.900s,533.400s,from,0.77298331,534.400s,533.900s,America,0.5597651,534.900s,534.400s,or,0.91283858,535.300s,534.900s,friends,0.50013763,535.900s,535.300s,or,0.8900615,536.800s,536.400s,whatever,,,,,,,,,,,,,,,,
2,en-us,557.080368s,0.79897207, other countries because I heard that almost every foreigners cannot speak Korean even they plan to plan to work and make some money in Korea so it's cool thing to the other foreigners not just worried cancer,0.91283858,537.100s,537s,other,0.91283858,537.700s,537.100s,countries,0.91283858,538.400s,537.700s,because,0.91283858,540.200s,539.400s,I,0.91283858,540.900s,540.600s,heard,0.91283858,541.200s,540.900s,that,0.91283858,541.900s,541.200s,almost,0.91283858,542.600s,541.900s,every,0.91283858,543.200s,542.600s,foreigners,0.91283858,543.700s,543.200s,cannot,0.91283858,544.200s,543.700s,speak,0.71415204,545.500s,545s,Korean,0.91283858,545.900s,545.500s,even,0.72136468,547.500s,545.900s,they,0.91283858,547.800s,547.500s,plan,0.71927816,548.600s,547.800s,to,0.91283858,549s,548.700s,plan,0.74831039,549.500s,549s,to,0.73888689,550.700s,550.100s,work,0.91283858,551s,550.700s,and,0.91283858,551.200s,551s,make,0.74564105,551.400s,551.200s,some,0.75750524,551.700s,551.400s,money,0.91283858,551.800s,551.700s,in,0.76364398,552.200s,551.800s,Korea,0.6726284,552.500s,552.200s,so,0.67474526,552.900s,552.500s,it's,0.71868438,553.100s,552.900s,cool,0.7296508,553.400s,553.100s,thing,0.72112012,553.800s,553.400s,to,0.74852282,554.100s,553.800s,the,0.58159238,554.800s,554.100s,other,0.71484375,555.200s,554.800s,foreigners,0.67555785,555.700s,555.200s,not,0.75347912,556s,555.700s,just,0.79152787,556.300s,556s,worried,0.35257205,556.500s,556.300s,cancer,,,,,,,,,,,,,,,,,,,,,,,,,,,,,,,,,,,,,,,,,,,,,,,,,,,,,,,,,,,,,,,,,,,,,,,,,,,,,,,,,,,,,,,,
1,en-us,563.494882s,0.77752393, other countries because I heard that almost every Bernhard cannot speak Korean even they plan to plan to work and make some money in Korea still is school same to the other Learners not just worried as I think although,0.91283858,537.100s,537s,other,0.91283858,537.700s,537.100s,countries,0.91283858,538.400s,537.700s,because,0.91283858,540.300s,539.400s,I,0.91283858,540.900s,540.600s,heard,0.91283858,541.200s,540.900s,that,0.91283858,541.900s,541.200s,almost,0.91283858,542.600s,541.900s,every,0.84082174,543.300s,542.700s,Bernhard,0.91283858,543.700s,543.300s,cannot,0.90465635,544.200s,543.700s,speak,0.66355079,545.500s,545s,Korean,0.89594465,545.900s,545.500s,even,0.66217786,547.500s,545.900s,they,0.91283858,547.800s,547.500s,plan,0.65648293,548.600s,547.800s,to,0.70197898,549s,548.800s,plan,0.63472295,549.600s,549s,to,0.70629585,550.600s,550.100s,work,0.8912828,551s,550.600s,and,0.91283858,551.200s,551s,make,0.60792631,551.400s,551.200s,some,0.70341277,551.700s,551.400s,money,0.91283858,551.800s,551.700s,in,0.76584339,552.200s,551.800s,Korea,0.7208246,552.500s,552.200s,still,0.65609908,552.800s,552.500s,is,0.76167339,553.200s,552.800s,school,0.91283858,553.500s,553.200s,same,0.72325683,553.800s,553.500s,to,0.7250002,554.100s,553.800s,the,0.6568411,554.800s,554.100s,other,0.71425414,555.200s,554.800s,Learners,0.60569537,555.700s,555.200s,not,0.91283858,556s,555.700s,just,0.82816494,556.300s,556s,worried,0.72806925,556.500s,556.300s,as,0.5340566,558.800s,558.700s,I,0.53269094,559.300s,558.800s,think,0.49949929,563s,562.500s,although,,,,,,,,,,,,,,,,,,,,,,,,,,,,,,,,,,,,,,,,,,,,,,,,,,,,,,,,,,,,,,,,,,,,,,,,,,,,
2,en-us,583.419960s,0.82749069, I think although I think we are a single problem relation and we are not mature enough to take Islamic refugees and most of the good work places they will refuse to employ,0.91283858,558.700s,558.600s,I,0.91283858,559.300s,558.700s,think,0.91283858,563s,562.400s,although,0.91283858,564.400s,564.300s,I,0.91283858,564.900s,564.400s,think,0.91283858,565.700s,565.500s,we,0.91283858,565.800s,565.700s,are,0.91283858,565.800s,565.800s,a,0.91283858,566.200s,565.800s,single,0.69533294,566.500s,566.200s,problem,0.85736197,567.200s,566.500s,relation,0.76509261,567.700s,567.300s,and,0.91283858,567.900s,567.700s,we,0.91283858,568s,567.900s,are,0.72704607,568.400s,568s,not,0.82849973,568.900s,568.500s,mature,0.71203417,569.400s,568.900s,enough,0.71312803,569.900s,569.400s,to,0.70810735,570.500s,569.900s,take,0.91283858,572s,571.400s,Islamic,0.72037268,572.800s,572s,refugees,0.7201373,573.800s,573.100s,and,0.91283858,575.200s,574.900s,most,0.91283858,575.200s,575.200s,of,0.72834474,575.600s,575.200s,the,0.91020328,576.800s,576.500s,good,0.91283858,577s,576.800s,work,0.74325848,577.800s,577s,places,0.91283858,578.900s,578.700s,they,0.72435534,579.400s,578.900s,will,0.72784013,580.400s,579.900s,refuse,0.7075336,581.100s,580.400s,to,0.71312815,582.400s,581.500s,employ,,,,,,,,,,,,,,,,,,,,,,,,,,,,,,,,,,,,,,,,,,,,,,,,,,,,,,,,,,,,,,,,,,,,,,,,,,,,,,,,,,,,,,,,,,,,,,,,,,,,,,,,
1,en-us,593.753340s,0.72929364, I think we are a single foreign nation and we are not mature enough to take Islamic refugees and most of the woodwork places they will refuse to employ Yemen refugees and they will be exposed to crime in the end like because they cannot,0.91283858,564.400s,564.300s,I,0.91283858,564.900s,564.400s,think,0.91283858,565.700s,565.500s,we,0.91283858,565.800s,565.700s,are,0.91283858,565.800s,565.800s,a,0.91283858,566.200s,565.800s,single,0.50689602,566.600s,566.200s,foreign,0.54848337,567.200s,566.600s,nation,0.69951504,567.700s,567.300s,and,0.75050485,567.900s,567.700s,we,0.91283858,568s,567.900s,are,0.68767899,568.400s,568s,not,0.8002739,568.900s,568.500s,mature,0.5713141,569.400s,568.900s,enough,0.58458811,569.800s,569.400s,to,0.55942756,570.500s,569.800s,take,0.91283858,572s,571.400s,Islamic,0.61293429,572.800s,572s,refugees,0.60077089,573.800s,573.100s,and,0.91283858,575.100s,574.900s,most,0.7288928,575.200s,575.100s,of,0.60485691,575.600s,575.200s,the,0.71446389,577s,576.500s,woodwork,0.71918213,577.800s,577s,places,0.91283858,578.900s,578.700s,they,0.58395159,579.400s,578.900s,will,0.59005749,580.400s,579.900s,refuse,0.47177875,581.100s,580.400s,to,0.49979445,582.400s,581.400s,employ,0.72552299,584.400s,584s,Yemen,0.77038938,585.200s,584.400s,refugees,0.52515173,586.100s,585.400s,and,0.68210381,586.500s,586.200s,they,0.74370182,587.700s,587.200s,will,0.91283858,588.300s,588.200s,be,0.69850039,588.900s,588.300s,exposed,0.50109786,589.300s,588.900s,to,0.71731633,590.300s,589.600s,crime,0.68210381,590.700s,590.600s,in,0.91283858,590.900s,590.700s,the,0.80813992,591.200s,590.900s,end,0.91283858,591.400s,591.200s,like,0.91283858,591.800s,591.400s,because,0.72497773,592.100s,591.800s,they,0.62410253,592.800s,592.100s,cannot,,,,,,,,,,,,,,,,,,,,,,,,,,,,,,,,,,,,,,,,,,,,,,,,,,,,,,,,
2,en-us,598.524133s,0.70795029, Yemen refugees and they will be exposed to crime in the end like because they cannot earn money from good jobs and,0.3669197,584.500s,584s,Yemen,0.75115049,585.200s,584.500s,refugees,0.52079451,586.200s,585.500s,and,0.58703548,586.700s,586.200s,they,0.72613478,587.800s,587.300s,will,0.91283858,588.400s,588.200s,be,0.65925348,589s,588.400s,exposed,0.38895935,589.400s,589s,to,0.70941669,590.300s,589.700s,crime,0.64893401,590.800s,590.600s,in,0.91283858,590.900s,590.800s,the,0.91283858,591.200s,590.900s,end,0.91283858,591.500s,591.200s,like,0.81106788,591.900s,591.500s,because,0.74739993,592.100s,591.900s,they,0.60754234,592.800s,592.100s,cannot,0.75772572,594.400s,594.100s,earn,0.91283858,594.700s,594.400s,money,0.47586337,595.200s,594.700s,from,0.91283858,596.600s,596.300s,good,0.74746966,597.100s,596.600s,jobs,0.59220642,598.200s,597.500s,and,,,,,,,,,,,,,,,,,,,,,,,,,,,,,,,,,,,,,,,,,,,,,,,,,,,,,,,,,,,,,,,,,,,,,,,,,,,,,,,,,,,,,,,,,,,,,,,,,,,,,,,,,,,,,,,,,,,,,,,,,,,,,,,,,,,,,,,,,,,,,,,,,,,,
1,en-us,598.594292s,0.71256959, from good jobs and,0.67430705,595.100s,594.600s,from,0.72883737,596.500s,596.300s,good,0.77979344,597s,596.500s,jobs,0.66734046,598.100s,597.500s,and,,,,,,,,,,,,,,,,,,,,,,,,,,,,,,,,,,,,,,,,,,,,,,,,,,,,,,,,,,,,,,,,,,,,,,,,,,,,,,,,,,,,,,,,,,,,,,,,,,,,,,,,,,,,,,,,,,,,,,,,,,,,,,,,,,,,,,,,,,,,,,,,,,,,,,,,,,,,,,,,,,,,,,,,,,,,,,,,,,,,,,,,,,,,,,,,,,,,,,,,,,,,,,,,,,,,,,,,,,,,
2,en-us,629.003090s,0.75023907, I think they are potential some of them are potential terrorists and even though not all of them I know that not all of them are potential terrorist but if there is only one people one person you want to do want to commit crime in Korea and that will be a huge problem and at that time,0.91283858,599.800s,599.700s,I,0.91283858,600.400s,599.800s,think,0.91283858,602.200s,601.500s,they,0.91283858,602.500s,602.300s,are,0.91283858,603.300s,602.500s,potential,0.91283858,604.100s,603.800s,some,0.91283858,604.200s,604.100s,of,0.91283858,604.600s,604.200s,them,0.91283858,604.800s,604.600s,are,0.91283858,605.300s,604.800s,potential,0.91283858,606.200s,605.300s,terrorists,0.91283858,606.900s,606.500s,and,0.91283858,607.200s,606.900s,even,0.91283858,607.700s,607.200s,though,0.91283858,608.300s,608s,not,0.91283858,608.500s,608.300s,all,0.91283858,608.600s,608.500s,of,0.91283858,609.100s,608.600s,them,0.91283858,609.600s,609.400s,I,0.91283858,609.900s,609.600s,know,0.91283858,610.300s,609.900s,that,0.91283858,610.500s,610.300s,not,0.91283858,610.700s,610.500s,all,0.91283858,610.800s,610.700s,of,0.91283858,611.200s,610.800s,them,0.91283858,611.800s,611.300s,are,0.91283858,612.800s,612.300s,potential,0.36961582,613.300s,612.800s,terrorist,0.48862949,613.700s,613.300s,but,0.74523771,614s,613.800s,if,0.69486523,614.500s,614s,there,0.74523771,614.900s,614.700s,is,0.4814899,615.200s,614.900s,only,0.35630685,616s,615.200s,one,0.57747948,616.800s,616.200s,people,0.70389432,617.300s,617s,one,0.43780023,617.800s,617.300s,person,0.7700755,618s,617.900s,you,0.76820773,618.300s,618s,want,0.35495517,618.700s,618.300s,to,0.45202458,621s,620.900s,do,0.4609876,621.400s,621s,want,0.35199806,622s,621.400s,to,0.72282809,623.100s,622.800s,commit,0.91283858,623.500s,623.100s,crime,0.71432281,623.600s,623.500s,in,0.6586746,624.200s,623.600s,Korea,0.55905145,624.700s,624.200s,and,0.48456925,625.300s,625.100s,that,0.91283858,625.500s,625.300s,will,0.59137332,625.800s,625.500s,be,0.91283858,626.300s,626.200s,a,0.53720433,626.700s,626.300s,huge,0.3475607,627.400s,626.700s,problem,0.37040877,628.300s,627.800s,and,0.91283858,628.400s,628.300s,at,0.72133064,628.600s,628.400s,that,0.74975193,628.800s,628.600s,time,,,,
1,en-us,629.013114s,0.86098474, I think they are potential some of them are potential terrorists and even though not all of them I know that not all of them are potential terrorists but if there is only one people one person want to wants to commit crime in Korea and that will be a huge problem and at that time,0.91283858,599.800s,599.700s,I,0.91283858,600.300s,599.800s,think,0.91283858,602.300s,601.500s,they,0.91283858,602.500s,602.300s,are,0.91283858,603.300s,602.500s,potential,0.91283858,604.100s,603.800s,some,0.91283858,604.200s,604.100s,of,0.91283858,604.600s,604.200s,them,0.91283858,604.800s,604.600s,are,0.91283858,605.300s,604.800s,potential,0.72887987,606s,605.300s,terrorists,0.83369845,606.900s,606.600s,and,0.91283858,607.200s,606.900s,even,0.82884806,607.700s,607.200s,though,0.83369845,608.300s,608s,not,0.78220779,608.500s,608.300s,all,0.91283858,608.600s,608.500s,of,0.88793349,609.100s,608.600s,them,0.7539227,609.600s,609.200s,I,0.91283858,609.900s,609.600s,know,0.85955453,610.300s,609.900s,that,0.86283392,610.500s,610.300s,not,0.81493205,610.700s,610.500s,all,0.91283858,610.800s,610.700s,of,0.89549369,611.300s,610.800s,them,0.7466746,611.800s,611.300s,are,0.91283858,612.800s,612.300s,potential,0.91283858,613.400s,612.800s,terrorists,0.77074069,613.700s,613.400s,but,0.91283858,614s,613.800s,if,0.89248949,614.600s,614s,there,0.91283858,614.900s,614.700s,is,0.7697137,615.200s,614.900s,only,0.74027991,616s,615.200s,one,0.82495868,616.800s,616.200s,people,0.89986104,617.300s,617s,one,0.76331812,617.900s,617.300s,person,0.91283858,618.300s,617.900s,want,0.7534588,618.700s,618.300s,to,0.91283858,621.300s,621s,wants,0.73875982,622s,621.300s,to,0.91283858,623.100s,622.800s,commit,0.91283858,623.500s,623.100s,crime,0.9120031,623.600s,623.500s,in,0.88163137,624.200s,623.600s,Korea,0.81493145,624.600s,624.200s,and,0.81493205,625.300s,625.100s,that,0.91283858,625.500s,625.300s,will,0.84814757,625.800s,625.500s,be,0.89986116,626.300s,626.200s,a,0.83369845,626.700s,626.300s,huge,0.7560696,627.400s,626.700s,problem,0.75512987,628.300s,627.700s,and,0.91283858,628.400s,628.300s,at,0.89552206,628.700s,628.400s,that,0.91283858,628.800s,628.700s,time,,,,,,,,,,,,
1,en-us,641.802048s,0.81394488, I think there is no one who can be responsible for the point so we cannot wait for someone to commit crime and we have to prevent that before,0.91283858,630.100s,630s,I,0.91283858,630.300s,630.100s,think,0.91283858,630.500s,630.300s,there,0.91283858,630.700s,630.500s,is,0.91283858,630.900s,630.700s,no,0.91283858,631.200s,630.900s,one,0.91283858,631.400s,631.200s,who,0.91283858,631.600s,631.400s,can,0.91283858,631.800s,631.600s,be,0.91283858,632.500s,631.800s,responsible,0.91283858,632.800s,632.500s,for,0.91283858,633.100s,632.800s,the,0.63520235,633.600s,633.100s,point,0.72348964,634.200s,633.800s,so,0.69705898,634.600s,634.300s,we,0.76664436,635.200s,634.700s,cannot,0.74920261,635.700s,635.200s,wait,0.66964495,636.900s,636.300s,for,0.72061414,637.400s,636.900s,someone,0.6828317,637.800s,637.400s,to,0.85339171,638.200s,637.800s,commit,0.87831998,638.700s,638.200s,crime,0.91283858,639.200s,639s,and,0.80489808,639.400s,639.200s,we,0.73305154,639.700s,639.400s,have,0.77202874,640.100s,639.700s,to,0.76664436,640.600s,640.100s,prevent,0.75641203,640.800s,640.600s,that,0.52806497,641.200s,640.800s,before,,,,,,,,,,,,,,,,,,,,,,,,,,,,,,,,,,,,,,,,,,,,,,,,,,,,,,,,,,,,,,,,,,,,,,,,,,,,,,,,,,,,,,,,,,,,,,,,,,,,,,,,,,,,,,,,,,,,,,,,
2,en-us,641.972433s,0.73880821, time I think there is no one who can be responsible for that crime so we cannot wait for someone to commit crime and we have to prevent that before,0.53336471,629.400s,629s,time,0.89078587,630.100s,630s,I,0.65559578,630.300s,630.100s,think,0.91283858,630.600s,630.300s,there,0.67650044,630.800s,630.600s,is,0.91283858,631s,630.800s,no,0.72720748,631.200s,631s,one,0.7474575,631.500s,631.200s,who,0.80108196,631.700s,631.500s,can,0.91283858,631.900s,631.700s,be,0.64405459,632.600s,631.900s,responsible,0.65843445,632.800s,632.600s,for,0.71088469,633.100s,632.800s,that,0.70079076,633.500s,633.100s,crime,0.69092751,634.300s,633.800s,so,0.64585209,634.700s,634.300s,we,0.7228263,635.200s,634.800s,cannot,0.71833509,635.700s,635.200s,wait,0.57348001,636.900s,636.400s,for,0.69092751,637.500s,637s,someone,0.58983511,637.900s,637.500s,to,0.77202576,638.300s,637.900s,commit,0.75770378,638.700s,638.300s,crime,0.91283858,639.300s,639.100s,and,0.91283858,639.500s,639.300s,we,0.72414947,639.800s,639.500s,have,0.71757275,640.200s,639.800s,to,0.75223082,640.600s,640.200s,prevent,0.72952294,640.900s,640.600s,that,0.76850468,641.300s,640.900s,before,,,,,,,,,,,,,,,,,,,,,,,,,,,,,,,,,,,,,,,,,,,,,,,,,,,,,,,,,,,,,,,,,,,,,,,,,,,,,,,,,,,,,,,,,,,,,,,,,,,,,,,,,,,,,,,,,,,,
2,en-us,646.181956s,0.90974426, finish the debate here,0.90046132,643.800s,643.500s,finish,0.91283858,644s,643.800s,the,0.91283858,644.300s,644s,debate,0.91283858,644.700s,644.300s,here,,,,,,,,,,,,,,,,,,,,,,,,,,,,,,,,,,,,,,,,,,,,,,,,,,,,,,,,,,,,,,,,,,,,,,,,,,,,,,,,,,,,,,,,,,,,,,,,,,,,,,,,,,,,,,,,,,,,,,,,,,,,,,,,,,,,,,,,,,,,,,,,,,,,,,,,,,,,,,,,,,,,,,,,,,,,,,,,,,,,,,,,,,,,,,,,,,,,,,,,,,,,,,,,,,,,,,,,,,,,
1,en-us,646.432524s,,,,,,,,,,,,,,,,,,,,,,,,,,,,,,,,,,,,,,,,,,,,,,,,,,,,,,,,,,,,,,,,,,,,,,,,,,,,,,,,,,,,,,,,,,,,,,,,,,,,,,,,,,,,,,,,,,,,,,,,,,,,,,,,,,,,,,,,,,,,,,,,,,,,,,,,,,,,,,,,,,,,,,,,,,,,,,,,,,,,,,,,,,,,,,,,,,,,,,,,,,,,,,,,,,,,,,,,,,,,,,,,,,,,,,,,,,,,,,
